product_id,product_name,category,price,discount_percent,stock,rating,discount_amount,final_price
1,Wireless Headphones,Electronics,12435.12,20,9,4.18,2487.02,9948.1
2,Coffee Maker,Home & Kitchen,14861.32,10,129,3.91,1486.13,13375.19
3,Denim Jacket,Fashion,8693.35,10,105,3.93,869.34,7824.01
4,Deep Learning,Books,1364.27,10,122,4.49,136.43,1227.84
5,Football,Sports & Fitness,10435.11,0,139,4.12,0.0,10435.11
6,Lip Balm,Beauty,6866.16,0,104,4.41,0.0,6866.16
7,Whiteboard,Office,1166.83,5,83,4.44,58.34,1108.49
8,Gaming Mouse,Gaming,19093.55,25,154,3.54,4773.39,14320.16
9,Bluetooth Speaker 2,Electronics,4901.71,20,56,4.11,980.34,3921.37
10,Blender 2,Home & Kitchen,14798.82,0,103,4.12,0.0,14798.82
11,Casual Shirt 2,Fashion,12226.19,5,77,4.26,611.31,11614.88
12,Algorithms in Practice 2,Books,1668.44,5,11,3.88,83.42,1585.02
13,Skipping Rope 2,Sports & Fitness,13169.05,15,87,3.84,1975.36,11193.69
14,Hair Dryer 2,Beauty,6262.01,25,34,4.25,1565.5,4696.51
15,Notebook 2,Office,13523.15,0,73,3.86,0.0,13523.15
16,Gaming Keyboard 2,Gaming,28806.38,15,70,3.4,4320.96,24485.42
17,Smart Watch 3,Electronics,8077.91,5,173,4.23,403.9,7674.01
18,Desk Lamp 3,Home & Kitchen,15603.76,10,53,4.63,1560.38,14043.38
19,Backpack 3,Fashion,14194.52,0,131,3.63,0.0,14194.52
20,Database Systems 3,Books,2279.0,0,24,3.9,0.0,2279.0
21,Gym Gloves 3,Sports & Fitness,8530.51,15,42,4.25,1279.58,7250.93
22,Face Wash 3,Beauty,7161.03,10,38,3.4,716.1,6444.93
23,Gel Pens 3,Office,22815.96,10,131,4.15,2281.6,20534.36
24,Controller 3,Gaming,28676.13,0,108,3.94,0.0,28676.13
25,USB-C Hub 4,Electronics,6292.44,20,79,4.15,1258.49,5033.95
26,Water Bottle 4,Home & Kitchen,11222.0,0,64,4.21,0.0,11222.0
27,Sunglasses 4,Fashion,2578.53,0,109,3.76,0.0,2578.53
28,Cloud Computing 4,Books,6065.7,25,107,3.43,1516.42,4549.28
29,Yoga Mat 4,Sports & Fitness,10881.93,5,11,3.39,544.1,10337.83
30,Moisturizer 4,Beauty,6046.49,10,142,4.43,604.65,5441.84
31,Desk Organizer 4,Office,14728.09,15,92,4.24,2209.21,12518.88
32,Webcam 4,Gaming,26241.69,10,89,4.17,2624.17,23617.52
33,Power Bank 5,Electronics,19439.47,10,97,3.77,1943.95,17495.52
34,Non-Stick Pan 5,Home & Kitchen,1160.34,5,150,4.12,58.02,1102.32
35,Sports Cap 5,Fashion,3212.28,5,103,3.3,160.61,3051.67
36,Python Programming 5,Books,4598.99,0,56,4.18,0.0,4598.99
37,Resistance Bands 5,Sports & Fitness,13249.71,25,140,4.49,3312.43,9937.28
38,Sunscreen 5,Beauty,11034.14,25,47,3.62,2758.54,8275.6
39,Office Chair 5,Office,16756.86,10,71,3.68,1675.69,15081.17
40,Gaming Headset 5,Gaming,36601.41,25,62,4.47,9150.35,27451.06
41,Mechanical Keyboard 6,Electronics,17276.83,15,96,4.03,2591.52,14685.31
42,Storage Organizer 6,Home & Kitchen,20637.73,0,36,3.85,0.0,20637.73
43,Running Shoes 6,Fashion,8283.67,25,178,4.13,2070.92,6212.75
44,Data Science Handbook 6,Books,5041.93,20,161,4.0,1008.39,4033.54
45,Dumbbells 6,Sports & Fitness,9628.14,10,62,4.15,962.81,8665.33
46,Shampoo 6,Beauty,8109.1,5,72,4.24,405.46,7703.64
47,Monitor Stand 6,Office,22466.99,5,53,3.5,1123.35,21343.64
48,Mouse Pad 6,Gaming,11754.51,0,29,4.83,0.0,11754.51
49,Wireless Mouse 7,Electronics,9954.73,20,38,4.71,1990.95,7963.78
50,Air Fryer 7,Home & Kitchen,19328.17,0,41,3.65,0.0,19328.17
