user_id,product_id,interaction_score,purchase_count,total_quantity,total_spend,review_count,avg_review_rating,view_count,search_count,cart_count,event_count
1,1,9.0,1.0,1.0,7958.4800000000005,1.0,4.0,0.0,0.0,0.0,0.0
1,11,10.0,2.0,2.0,22068.271999999997,0.0,0.0,0.0,0.0,0.0,0.0
1,15,5.0,1.0,1.0,13523.15,0.0,0.0,0.0,0.0,0.0,0.0
1,30,5.0,1.0,1.0,4897.656,0.0,0.0,0.0,0.0,0.0,0.0
10,10,5.0,1.0,3.0,44396.46,0.0,0.0,0.0,0.0,0.0,0.0
10,15,5.0,1.0,1.0,13523.15,0.0,0.0,0.0,0.0,0.0,0.0
10,19,5.0,1.0,2.0,28389.04,0.0,0.0,0.0,0.0,0.0,0.0
10,2,5.0,1.0,1.0,12037.671,0.0,0.0,0.0,0.0,0.0,0.0
10,24,5.0,1.0,2.0,57352.26,0.0,0.0,0.0,0.0,0.0,0.0
10,48,5.0,1.0,3.0,35263.53,0.0,0.0,0.0,0.0,0.0,0.0
10,5,9.0,1.0,1.0,10435.11,1.0,4.0,0.0,0.0,0.0,0.0
10,6,14.0,2.0,4.0,27464.64,1.0,5.0,0.0,0.0,0.0,0.0
10,7,5.0,1.0,2.0,2106.131,0.0,0.0,0.0,0.0,0.0,0.0
100,1,10.0,2.0,2.0,15916.960000000001,0.0,0.0,0.0,0.0,0.0,0.0
100,11,9.0,1.0,2.0,22068.271999999997,1.0,4.0,0.0,0.0,0.0,0.0
100,14,9.0,1.0,1.0,3522.3825,1.0,4.0,0.0,0.0,0.0,0.0
100,17,5.0,1.0,2.0,14580.619,0.0,0.0,0.0,0.0,0.0,0.0
100,19,10.0,2.0,2.0,28389.04,0.0,0.0,0.0,0.0,0.0,0.0
100,2,10.0,2.0,3.0,36113.013,0.0,0.0,0.0,0.0,0.0,0.0
100,24,5.0,1.0,1.0,28676.13,0.0,0.0,0.0,0.0,0.0,0.0
100,25,10.0,2.0,3.0,12081.48,0.0,0.0,0.0,0.0,0.0,0.0
100,28,9.0,1.0,1.0,3411.9525000000003,1.0,3.0,0.0,0.0,0.0,0.0
100,3,19.0,3.0,7.0,49291.326,1.0,4.0,0.0,0.0,0.0,0.0
100,30,5.0,1.0,1.0,4897.656,0.0,0.0,0.0,0.0,0.0,0.0
100,31,10.0,2.0,2.0,21282.095999999998,0.0,0.0,0.0,0.0,0.0,0.0
100,35,5.0,1.0,1.0,2899.0865,0.0,0.0,0.0,0.0,0.0,0.0
100,4,5.0,1.0,1.0,1105.056,0.0,0.0,0.0,0.0,0.0,0.0
100,40,5.0,1.0,1.0,20588.295000000002,0.0,0.0,0.0,0.0,0.0,0.0
100,47,5.0,1.0,1.0,20276.458,0.0,0.0,0.0,0.0,0.0,0.0
100,48,9.0,1.0,1.0,11754.51,1.0,5.0,0.0,0.0,0.0,0.0
100,5,10.0,2.0,3.0,31305.33,0.0,0.0,0.0,0.0,0.0,0.0
100,6,14.0,2.0,2.0,13732.32,1.0,4.0,0.0,0.0,0.0,0.0
100,8,5.0,1.0,2.0,21480.239999999998,0.0,0.0,0.0,0.0,0.0,0.0
100,9,5.0,1.0,3.0,9411.288,0.0,0.0,0.0,0.0,0.0,0.0
11,1,5.0,1.0,2.0,15916.960000000001,0.0,0.0,0.0,0.0,0.0,0.0
11,10,18.0,2.0,2.0,29597.64,2.0,4.0,0.0,0.0,0.0,0.0
11,11,5.0,1.0,1.0,11034.135999999999,0.0,0.0,0.0,0.0,0.0,0.0
11,12,9.0,1.0,2.0,3011.538,1.0,3.0,0.0,0.0,0.0,0.0
11,15,5.0,1.0,1.0,13523.15,0.0,0.0,0.0,0.0,0.0,0.0
11,2,5.0,1.0,1.0,12037.671,0.0,0.0,0.0,0.0,0.0,0.0
11,36,5.0,1.0,1.0,4598.99,0.0,0.0,0.0,0.0,0.0,0.0
11,4,5.0,1.0,2.0,2210.112,0.0,0.0,0.0,0.0,0.0,0.0
11,6,9.0,1.0,1.0,6866.16,1.0,5.0,0.0,0.0,0.0,0.0
12,1,10.0,2.0,2.0,15916.960000000001,0.0,0.0,0.0,0.0,0.0,0.0
12,18,5.0,1.0,1.0,12639.042,0.0,0.0,0.0,0.0,0.0,0.0
12,3,5.0,1.0,2.0,14083.236,0.0,0.0,0.0,0.0,0.0,0.0
12,33,5.0,1.0,1.0,15745.968,0.0,0.0,0.0,0.0,0.0,0.0
12,40,5.0,1.0,1.0,20588.295000000002,0.0,0.0,0.0,0.0,0.0,0.0
12,5,5.0,1.0,1.0,10435.11,0.0,0.0,0.0,0.0,0.0,0.0
12,7,5.0,1.0,1.0,1053.0655,0.0,0.0,0.0,0.0,0.0,0.0
13,25,5.0,1.0,1.0,4027.16,0.0,0.0,0.0,0.0,0.0,0.0
13,3,10.0,2.0,3.0,21124.854,0.0,0.0,0.0,0.0,0.0,0.0
13,7,5.0,1.0,2.0,2106.131,0.0,0.0,0.0,0.0,0.0,0.0
13,8,5.0,1.0,2.0,21480.239999999998,0.0,0.0,0.0,0.0,0.0,0.0
14,1,5.0,1.0,1.0,7958.4800000000005,0.0,0.0,0.0,0.0,0.0,0.0
14,10,5.0,1.0,2.0,29597.64,0.0,0.0,0.0,0.0,0.0,0.0
14,11,9.0,1.0,2.0,22068.271999999997,1.0,4.0,0.0,0.0,0.0,0.0
14,12,5.0,1.0,1.0,1505.769,0.0,0.0,0.0,0.0,0.0,0.0
14,14,5.0,1.0,1.0,3522.3825,0.0,0.0,0.0,0.0,0.0,0.0
14,15,10.0,2.0,3.0,40569.45,0.0,0.0,0.0,0.0,0.0,0.0
14,16,5.0,1.0,1.0,20812.607,0.0,0.0,0.0,0.0,0.0,0.0
14,17,15.0,3.0,4.0,29161.238,0.0,0.0,0.0,0.0,0.0,0.0
14,18,5.0,1.0,1.0,12639.042,0.0,0.0,0.0,0.0,0.0,0.0
14,19,5.0,1.0,1.0,14194.52,0.0,0.0,0.0,0.0,0.0,0.0
14,2,14.0,2.0,4.0,48150.684,1.0,4.0,0.0,0.0,0.0,0.0
14,20,5.0,1.0,1.0,2279.0,0.0,0.0,0.0,0.0,0.0,0.0
14,21,10.0,2.0,3.0,18489.8715,0.0,0.0,0.0,0.0,0.0,0.0
14,24,5.0,1.0,1.0,28676.13,0.0,0.0,0.0,0.0,0.0,0.0
14,26,5.0,1.0,3.0,33666.0,0.0,0.0,0.0,0.0,0.0,0.0
14,27,9.0,1.0,1.0,2578.53,1.0,3.0,0.0,0.0,0.0,0.0
14,28,9.0,1.0,1.0,3411.9525000000003,1.0,4.0,0.0,0.0,0.0,0.0
14,3,10.0,2.0,2.0,14083.236,0.0,0.0,0.0,0.0,0.0,0.0
14,32,5.0,1.0,1.0,21255.768,0.0,0.0,0.0,0.0,0.0,0.0
14,33,5.0,1.0,3.0,47237.903999999995,0.0,0.0,0.0,0.0,0.0,0.0
14,34,5.0,1.0,3.0,3141.612,0.0,0.0,0.0,0.0,0.0,0.0
14,4,5.0,1.0,1.0,1105.056,0.0,0.0,0.0,0.0,0.0,0.0
14,5,14.0,2.0,2.0,20870.22,1.0,5.0,0.0,0.0,0.0,0.0
14,6,5.0,1.0,3.0,20598.48,0.0,0.0,0.0,0.0,0.0,0.0
14,7,15.0,3.0,5.0,5265.327499999999,0.0,0.0,0.0,0.0,0.0,0.0
14,9,5.0,1.0,2.0,6274.192,0.0,0.0,0.0,0.0,0.0,0.0
15,1,5.0,1.0,1.0,7958.4800000000005,0.0,0.0,0.0,0.0,0.0,0.0
15,2,5.0,1.0,3.0,36113.013,0.0,0.0,0.0,0.0,0.0,0.0
15,21,5.0,1.0,1.0,6163.2905,0.0,0.0,0.0,0.0,0.0,0.0
15,29,5.0,1.0,1.0,9820.9385,0.0,0.0,0.0,0.0,0.0,0.0
15,3,9.0,1.0,2.0,14083.236,1.0,4.0,0.0,0.0,0.0,0.0
15,4,5.0,1.0,3.0,3315.1679999999997,0.0,0.0,0.0,0.0,0.0,0.0
15,6,5.0,1.0,1.0,6866.16,0.0,0.0,0.0,0.0,0.0,0.0
15,7,5.0,1.0,3.0,3159.1965,0.0,0.0,0.0,0.0,0.0,0.0
16,11,5.0,1.0,3.0,33102.407999999996,0.0,0.0,0.0,0.0,0.0,0.0
16,2,5.0,1.0,1.0,12037.671,0.0,0.0,0.0,0.0,0.0,0.0
16,6,10.0,2.0,3.0,20598.48,0.0,0.0,0.0,0.0,0.0,0.0
17,1,10.0,2.0,5.0,39792.4,0.0,0.0,0.0,0.0,0.0,0.0
17,10,5.0,1.0,1.0,14798.82,0.0,0.0,0.0,0.0,0.0,0.0
17,11,14.0,2.0,2.0,22068.271999999997,1.0,5.0,0.0,0.0,0.0,0.0
17,12,10.0,2.0,4.0,6023.076,0.0,0.0,0.0,0.0,0.0,0.0
17,17,15.0,3.0,5.0,36451.5475,0.0,0.0,0.0,0.0,0.0,0.0
17,2,14.0,2.0,5.0,60188.354999999996,1.0,5.0,0.0,0.0,0.0,0.0
17,20,5.0,1.0,3.0,6837.0,0.0,0.0,0.0,0.0,0.0,0.0
17,24,9.0,1.0,2.0,57352.26,1.0,4.0,0.0,0.0,0.0,0.0
17,27,18.0,2.0,4.0,10314.12,2.0,3.5,0.0,0.0,0.0,0.0
17,3,15.0,3.0,4.0,28166.472,0.0,0.0,0.0,0.0,0.0,0.0
17,30,14.0,2.0,2.0,9795.312,1.0,4.0,0.0,0.0,0.0,0.0
17,34,5.0,1.0,1.0,1047.204,0.0,0.0,0.0,0.0,0.0,0.0
17,36,5.0,1.0,3.0,13796.97,0.0,0.0,0.0,0.0,0.0,0.0
17,4,5.0,1.0,1.0,1105.056,0.0,0.0,0.0,0.0,0.0,0.0
17,42,5.0,1.0,1.0,20637.73,0.0,0.0,0.0,0.0,0.0,0.0
17,48,9.0,1.0,1.0,11754.51,1.0,5.0,0.0,0.0,0.0,0.0
17,5,10.0,2.0,2.0,20870.22,0.0,0.0,0.0,0.0,0.0,0.0
17,6,5.0,1.0,1.0,6866.16,0.0,0.0,0.0,0.0,0.0,0.0
17,7,10.0,2.0,2.0,2106.131,0.0,0.0,0.0,0.0,0.0,0.0
17,9,34.0,6.0,8.0,25096.768,1.0,4.0,0.0,0.0,0.0,0.0
18,12,5.0,1.0,1.0,1505.769,0.0,0.0,0.0,0.0,0.0,0.0
18,4,5.0,1.0,1.0,1105.056,0.0,0.0,0.0,0.0,0.0,0.0
18,7,5.0,1.0,1.0,1053.0655,0.0,0.0,0.0,0.0,0.0,0.0
18,8,10.0,2.0,2.0,21480.239999999998,0.0,0.0,0.0,0.0,0.0,0.0
18,9,5.0,1.0,2.0,6274.192,0.0,0.0,0.0,0.0,0.0,0.0
19,1,5.0,1.0,1.0,7958.4800000000005,0.0,0.0,0.0,0.0,0.0,0.0
19,13,5.0,1.0,1.0,9514.6365,0.0,0.0,0.0,0.0,0.0,0.0
19,17,5.0,1.0,1.0,7290.3095,0.0,0.0,0.0,0.0,0.0,0.0
19,19,5.0,1.0,1.0,14194.52,0.0,0.0,0.0,0.0,0.0,0.0
19,28,5.0,1.0,1.0,3411.9525000000003,0.0,0.0,0.0,0.0,0.0,0.0
19,3,5.0,1.0,1.0,7041.618,0.0,0.0,0.0,0.0,0.0,0.0
19,4,5.0,1.0,3.0,3315.1679999999997,0.0,0.0,0.0,0.0,0.0,0.0
19,5,9.0,1.0,2.0,20870.22,1.0,5.0,0.0,0.0,0.0,0.0
2,10,10.0,2.0,5.0,73994.1,0.0,0.0,0.0,0.0,0.0,0.0
2,12,5.0,1.0,2.0,3011.538,0.0,0.0,0.0,0.0,0.0,0.0
2,15,19.0,3.0,3.0,40569.45,1.0,4.0,0.0,0.0,0.0,0.0
2,2,5.0,1.0,1.0,12037.671,0.0,0.0,0.0,0.0,0.0,0.0
2,25,14.0,2.0,3.0,12081.48,1.0,5.0,0.0,0.0,0.0,0.0
2,28,14.0,2.0,2.0,6823.905000000001,1.0,3.0,0.0,0.0,0.0,0.0
2,29,9.0,1.0,3.0,29462.815499999997,1.0,4.0,0.0,0.0,0.0,0.0
2,3,15.0,3.0,3.0,21124.854,0.0,0.0,0.0,0.0,0.0,0.0
2,35,5.0,1.0,1.0,2899.0865,0.0,0.0,0.0,0.0,0.0,0.0
2,37,5.0,1.0,1.0,7452.960000000001,0.0,0.0,0.0,0.0,0.0,0.0
2,41,5.0,1.0,2.0,24965.027,0.0,0.0,0.0,0.0,0.0,0.0
2,5,5.0,1.0,1.0,10435.11,0.0,0.0,0.0,0.0,0.0,0.0
2,7,5.0,1.0,1.0,1053.0655,0.0,0.0,0.0,0.0,0.0,0.0
2,8,9.0,1.0,1.0,10740.119999999999,1.0,4.0,0.0,0.0,0.0,0.0
2,9,10.0,2.0,2.0,6274.192,0.0,0.0,0.0,0.0,0.0,0.0
20,18,5.0,1.0,3.0,37917.126,0.0,0.0,0.0,0.0,0.0,0.0
21,18,19.0,3.0,4.0,50556.168,1.0,4.0,0.0,0.0,0.0,0.0
21,22,5.0,1.0,1.0,5800.437,0.0,0.0,0.0,0.0,0.0,0.0
21,3,5.0,1.0,2.0,14083.236,0.0,0.0,0.0,0.0,0.0,0.0
21,9,5.0,1.0,1.0,3137.096,0.0,0.0,0.0,0.0,0.0,0.0
22,10,5.0,1.0,1.0,14798.82,0.0,0.0,0.0,0.0,0.0,0.0
22,14,5.0,1.0,1.0,3522.3825,0.0,0.0,0.0,0.0,0.0,0.0
22,24,5.0,1.0,1.0,28676.13,0.0,0.0,0.0,0.0,0.0,0.0
22,3,5.0,1.0,3.0,21124.854,0.0,0.0,0.0,0.0,0.0,0.0
22,36,10.0,2.0,4.0,18395.96,0.0,0.0,0.0,0.0,0.0,0.0
22,39,5.0,1.0,4.0,54292.212,0.0,0.0,0.0,0.0,0.0,0.0
22,5,14.0,2.0,2.0,20870.22,1.0,4.0,0.0,0.0,0.0,0.0
22,6,5.0,1.0,2.0,13732.32,0.0,0.0,0.0,0.0,0.0,0.0
23,1,5.0,1.0,1.0,7958.4800000000005,0.0,0.0,0.0,0.0,0.0,0.0
23,10,5.0,1.0,1.0,14798.82,0.0,0.0,0.0,0.0,0.0,0.0
23,13,5.0,1.0,1.0,9514.6365,0.0,0.0,0.0,0.0,0.0,0.0
23,17,5.0,1.0,1.0,7290.3095,0.0,0.0,0.0,0.0,0.0,0.0
23,2,14.0,2.0,3.0,36113.013,1.0,3.0,0.0,0.0,0.0,0.0
23,24,5.0,1.0,1.0,28676.13,0.0,0.0,0.0,0.0,0.0,0.0
23,26,5.0,1.0,3.0,33666.0,0.0,0.0,0.0,0.0,0.0,0.0
23,27,9.0,1.0,1.0,2578.53,1.0,3.0,0.0,0.0,0.0,0.0
23,3,5.0,1.0,1.0,7041.618,0.0,0.0,0.0,0.0,0.0,0.0
23,34,5.0,1.0,1.0,1047.204,0.0,0.0,0.0,0.0,0.0,0.0
23,4,5.0,1.0,2.0,2210.112,0.0,0.0,0.0,0.0,0.0,0.0
23,5,10.0,2.0,2.0,20870.22,0.0,0.0,0.0,0.0,0.0,0.0
23,6,14.0,2.0,2.0,13732.32,1.0,4.0,0.0,0.0,0.0,0.0
23,7,9.0,1.0,1.0,1053.0655,1.0,4.0,0.0,0.0,0.0,0.0
23,8,9.0,1.0,1.0,10740.119999999999,1.0,4.0,0.0,0.0,0.0,0.0
24,12,10.0,2.0,2.0,3011.538,0.0,0.0,0.0,0.0,0.0,0.0
24,13,5.0,1.0,1.0,9514.6365,0.0,0.0,0.0,0.0,0.0,0.0
24,14,5.0,1.0,2.0,7044.765,0.0,0.0,0.0,0.0,0.0,0.0
24,16,10.0,2.0,2.0,41625.214,0.0,0.0,0.0,0.0,0.0,0.0
24,2,10.0,2.0,3.0,36113.013,0.0,0.0,0.0,0.0,0.0,0.0
24,20,5.0,1.0,2.0,4558.0,0.0,0.0,0.0,0.0,0.0,0.0
24,23,5.0,1.0,2.0,36961.848,0.0,0.0,0.0,0.0,0.0,0.0
24,26,9.0,1.0,1.0,11222.0,1.0,4.0,0.0,0.0,0.0,0.0
24,3,9.0,1.0,1.0,7041.618,1.0,3.0,0.0,0.0,0.0,0.0
24,32,10.0,2.0,2.0,42511.536,0.0,0.0,0.0,0.0,0.0,0.0
24,36,5.0,1.0,2.0,9197.98,0.0,0.0,0.0,0.0,0.0,0.0
24,5,10.0,2.0,4.0,41740.44,0.0,0.0,0.0,0.0,0.0,0.0
24,6,5.0,1.0,4.0,27464.64,0.0,0.0,0.0,0.0,0.0,0.0
25,16,14.0,2.0,4.0,83250.428,1.0,3.0,0.0,0.0,0.0,0.0
25,17,9.0,1.0,3.0,21870.928499999998,1.0,5.0,0.0,0.0,0.0,0.0
25,2,5.0,1.0,1.0,12037.671,0.0,0.0,0.0,0.0,0.0,0.0
25,21,5.0,1.0,1.0,6163.2905,0.0,0.0,0.0,0.0,0.0,0.0
25,3,5.0,1.0,4.0,28166.472,0.0,0.0,0.0,0.0,0.0,0.0
25,45,5.0,1.0,1.0,7798.797,0.0,0.0,0.0,0.0,0.0,0.0
25,6,5.0,1.0,1.0,6866.16,0.0,0.0,0.0,0.0,0.0,0.0
25,7,9.0,1.0,1.0,1053.0655,1.0,4.0,0.0,0.0,0.0,0.0
26,14,5.0,1.0,1.0,3522.3825,0.0,0.0,0.0,0.0,0.0,0.0
26,25,5.0,1.0,1.0,4027.16,0.0,0.0,0.0,0.0,0.0,0.0
26,4,10.0,2.0,2.0,2210.112,0.0,0.0,0.0,0.0,0.0,0.0
27,10,5.0,1.0,1.0,14798.82,0.0,0.0,0.0,0.0,0.0,0.0
27,13,9.0,1.0,1.0,9514.6365,1.0,3.0,0.0,0.0,0.0,0.0
27,23,5.0,1.0,4.0,73923.696,0.0,0.0,0.0,0.0,0.0,0.0
27,25,5.0,1.0,1.0,4027.16,0.0,0.0,0.0,0.0,0.0,0.0
27,3,5.0,1.0,1.0,7041.618,0.0,0.0,0.0,0.0,0.0,0.0
27,35,5.0,1.0,1.0,2899.0865,0.0,0.0,0.0,0.0,0.0,0.0
27,46,5.0,1.0,1.0,7318.4675,0.0,0.0,0.0,0.0,0.0,0.0
27,49,5.0,1.0,1.0,6371.023999999999,0.0,0.0,0.0,0.0,0.0,0.0
27,6,5.0,1.0,1.0,6866.16,0.0,0.0,0.0,0.0,0.0,0.0
28,1,15.0,3.0,8.0,63667.840000000004,0.0,0.0,0.0,0.0,0.0,0.0
28,10,14.0,2.0,2.0,29597.64,1.0,4.0,0.0,0.0,0.0,0.0
28,11,9.0,1.0,3.0,33102.407999999996,1.0,4.0,0.0,0.0,0.0,0.0
28,12,5.0,1.0,1.0,1505.769,0.0,0.0,0.0,0.0,0.0,0.0
28,13,19.0,3.0,5.0,47573.1825,1.0,4.0,0.0,0.0,0.0,0.0
28,14,9.0,1.0,1.0,3522.3825,1.0,3.0,0.0,0.0,0.0,0.0
28,17,9.0,1.0,1.0,7290.3095,1.0,5.0,0.0,0.0,0.0,0.0
28,2,29.0,5.0,6.0,72226.026,1.0,5.0,0.0,0.0,0.0,0.0
28,20,9.0,1.0,1.0,2279.0,1.0,4.0,0.0,0.0,0.0,0.0
28,21,9.0,1.0,1.0,6163.2905,1.0,4.0,0.0,0.0,0.0,0.0
28,28,5.0,1.0,1.0,3411.9525000000003,0.0,0.0,0.0,0.0,0.0,0.0
28,29,5.0,1.0,1.0,9820.9385,0.0,0.0,0.0,0.0,0.0,0.0
28,3,5.0,1.0,1.0,7041.618,0.0,0.0,0.0,0.0,0.0,0.0
28,36,5.0,1.0,1.0,4598.99,0.0,0.0,0.0,0.0,0.0,0.0
28,4,15.0,3.0,4.0,4420.224,0.0,0.0,0.0,0.0,0.0,0.0
28,40,5.0,1.0,1.0,20588.295000000002,0.0,0.0,0.0,0.0,0.0,0.0
28,45,9.0,1.0,1.0,7798.797,1.0,4.0,0.0,0.0,0.0,0.0
28,5,10.0,2.0,2.0,20870.22,0.0,0.0,0.0,0.0,0.0,0.0
28,7,5.0,1.0,1.0,1053.0655,0.0,0.0,0.0,0.0,0.0,0.0
28,8,10.0,2.0,3.0,32220.359999999997,0.0,0.0,0.0,0.0,0.0,0.0
28,9,10.0,2.0,5.0,15685.48,0.0,0.0,0.0,0.0,0.0,0.0
29,1,9.0,1.0,1.0,7958.4800000000005,1.0,5.0,0.0,0.0,0.0,0.0
29,10,10.0,2.0,3.0,44396.46,0.0,0.0,0.0,0.0,0.0,0.0
29,11,10.0,2.0,3.0,33102.407999999996,0.0,0.0,0.0,0.0,0.0,0.0
29,12,5.0,1.0,3.0,4517.307,0.0,0.0,0.0,0.0,0.0,0.0
29,13,14.0,2.0,2.0,19029.273,1.0,2.0,0.0,0.0,0.0,0.0
29,14,5.0,1.0,1.0,3522.3825,0.0,0.0,0.0,0.0,0.0,0.0
29,18,9.0,1.0,1.0,12639.042,1.0,3.0,0.0,0.0,0.0,0.0
29,2,5.0,1.0,1.0,12037.671,0.0,0.0,0.0,0.0,0.0,0.0
29,20,9.0,1.0,1.0,2279.0,1.0,4.0,0.0,0.0,0.0,0.0
29,21,5.0,1.0,2.0,12326.581,0.0,0.0,0.0,0.0,0.0,0.0
29,26,19.0,3.0,3.0,33666.0,1.0,5.0,0.0,0.0,0.0,0.0
29,27,10.0,2.0,4.0,10314.12,0.0,0.0,0.0,0.0,0.0,0.0
29,28,5.0,1.0,1.0,3411.9525000000003,0.0,0.0,0.0,0.0,0.0,0.0
29,3,14.0,2.0,2.0,14083.236,1.0,4.0,0.0,0.0,0.0,0.0
29,4,19.0,3.0,7.0,7735.392,1.0,5.0,0.0,0.0,0.0,0.0
29,5,15.0,3.0,3.0,31305.33,0.0,0.0,0.0,0.0,0.0,0.0
29,6,14.0,2.0,5.0,34330.8,1.0,4.0,0.0,0.0,0.0,0.0
29,8,5.0,1.0,1.0,10740.119999999999,0.0,0.0,0.0,0.0,0.0,0.0
29,9,10.0,2.0,2.0,6274.192,0.0,0.0,0.0,0.0,0.0,0.0
3,10,5.0,1.0,1.0,14798.82,0.0,0.0,0.0,0.0,0.0,0.0
3,11,5.0,1.0,1.0,11034.135999999999,0.0,0.0,0.0,0.0,0.0,0.0
3,24,5.0,1.0,2.0,57352.26,0.0,0.0,0.0,0.0,0.0,0.0
3,26,5.0,1.0,1.0,11222.0,0.0,0.0,0.0,0.0,0.0,0.0
3,28,9.0,1.0,1.0,3411.9525000000003,1.0,5.0,0.0,0.0,0.0,0.0
3,6,5.0,1.0,1.0,6866.16,0.0,0.0,0.0,0.0,0.0,0.0
30,10,5.0,1.0,1.0,14798.82,0.0,0.0,0.0,0.0,0.0,0.0
30,16,9.0,1.0,1.0,20812.607,1.0,4.0,0.0,0.0,0.0,0.0
30,3,5.0,1.0,1.0,7041.618,0.0,0.0,0.0,0.0,0.0,0.0
30,34,9.0,1.0,1.0,1047.204,1.0,4.0,0.0,0.0,0.0,0.0
30,43,5.0,1.0,1.0,4659.5625,0.0,0.0,0.0,0.0,0.0,0.0
30,47,5.0,1.0,2.0,40552.916,0.0,0.0,0.0,0.0,0.0,0.0
31,17,9.0,1.0,4.0,29161.238,1.0,4.0,0.0,0.0,0.0,0.0
31,24,9.0,1.0,1.0,28676.13,1.0,4.0,0.0,0.0,0.0,0.0
31,35,9.0,1.0,1.0,2899.0865,1.0,3.0,0.0,0.0,0.0,0.0
31,46,10.0,2.0,3.0,21955.4025,0.0,0.0,0.0,0.0,0.0,0.0
31,8,5.0,1.0,1.0,10740.119999999999,0.0,0.0,0.0,0.0,0.0,0.0
32,2,5.0,1.0,2.0,24075.342,0.0,0.0,0.0,0.0,0.0,0.0
32,23,9.0,1.0,1.0,18480.924,1.0,4.0,0.0,0.0,0.0,0.0
32,30,5.0,1.0,2.0,9795.312,0.0,0.0,0.0,0.0,0.0,0.0
32,42,5.0,1.0,2.0,41275.46,0.0,0.0,0.0,0.0,0.0,0.0
32,5,14.0,2.0,4.0,41740.44,1.0,4.0,0.0,0.0,0.0,0.0
32,6,9.0,1.0,1.0,6866.16,1.0,4.0,0.0,0.0,0.0,0.0
32,8,5.0,1.0,1.0,10740.119999999999,0.0,0.0,0.0,0.0,0.0,0.0
32,9,5.0,1.0,1.0,3137.096,0.0,0.0,0.0,0.0,0.0,0.0
33,26,5.0,1.0,1.0,11222.0,0.0,0.0,0.0,0.0,0.0,0.0
34,10,5.0,1.0,2.0,29597.64,0.0,0.0,0.0,0.0,0.0,0.0
34,13,5.0,1.0,1.0,9514.6365,0.0,0.0,0.0,0.0,0.0,0.0
34,2,5.0,1.0,2.0,24075.342,0.0,0.0,0.0,0.0,0.0,0.0
34,20,5.0,1.0,2.0,4558.0,0.0,0.0,0.0,0.0,0.0,0.0
34,34,9.0,1.0,1.0,1047.204,1.0,4.0,0.0,0.0,0.0,0.0
34,5,5.0,1.0,1.0,10435.11,0.0,0.0,0.0,0.0,0.0,0.0
34,6,5.0,1.0,2.0,13732.32,0.0,0.0,0.0,0.0,0.0,0.0
35,1,5.0,1.0,1.0,7958.4800000000005,0.0,0.0,0.0,0.0,0.0,0.0
35,11,5.0,1.0,1.0,11034.135999999999,0.0,0.0,0.0,0.0,0.0,0.0
35,12,5.0,1.0,1.0,1505.769,0.0,0.0,0.0,0.0,0.0,0.0
35,16,5.0,1.0,1.0,20812.607,0.0,0.0,0.0,0.0,0.0,0.0
35,20,9.0,1.0,1.0,2279.0,1.0,4.0,0.0,0.0,0.0,0.0
35,21,5.0,1.0,1.0,6163.2905,0.0,0.0,0.0,0.0,0.0,0.0
35,28,5.0,1.0,3.0,10235.857500000002,0.0,0.0,0.0,0.0,0.0,0.0
35,29,5.0,1.0,1.0,9820.9385,0.0,0.0,0.0,0.0,0.0,0.0
35,3,5.0,1.0,1.0,7041.618,0.0,0.0,0.0,0.0,0.0,0.0
35,38,5.0,1.0,4.0,24826.800000000003,0.0,0.0,0.0,0.0,0.0,0.0
35,5,5.0,1.0,1.0,10435.11,0.0,0.0,0.0,0.0,0.0,0.0
35,8,5.0,1.0,1.0,10740.119999999999,0.0,0.0,0.0,0.0,0.0,0.0
35,9,9.0,1.0,1.0,3137.096,1.0,4.0,0.0,0.0,0.0,0.0
36,1,5.0,1.0,1.0,7958.4800000000005,0.0,0.0,0.0,0.0,0.0,0.0
36,11,5.0,1.0,1.0,11034.135999999999,0.0,0.0,0.0,0.0,0.0,0.0
36,5,5.0,1.0,2.0,20870.22,0.0,0.0,0.0,0.0,0.0,0.0
36,9,5.0,1.0,1.0,3137.096,0.0,0.0,0.0,0.0,0.0,0.0
37,1,5.0,1.0,2.0,15916.960000000001,0.0,0.0,0.0,0.0,0.0,0.0
37,10,10.0,2.0,2.0,29597.64,0.0,0.0,0.0,0.0,0.0,0.0
37,12,5.0,1.0,1.0,1505.769,0.0,0.0,0.0,0.0,0.0,0.0
37,16,5.0,1.0,1.0,20812.607,0.0,0.0,0.0,0.0,0.0,0.0
37,17,5.0,1.0,1.0,7290.3095,0.0,0.0,0.0,0.0,0.0,0.0
37,18,5.0,1.0,3.0,37917.126,0.0,0.0,0.0,0.0,0.0,0.0
37,19,5.0,1.0,1.0,14194.52,0.0,0.0,0.0,0.0,0.0,0.0
37,2,5.0,1.0,2.0,24075.342,0.0,0.0,0.0,0.0,0.0,0.0
37,31,5.0,1.0,1.0,10641.047999999999,0.0,0.0,0.0,0.0,0.0,0.0
37,4,5.0,1.0,2.0,2210.112,0.0,0.0,0.0,0.0,0.0,0.0
37,43,5.0,1.0,1.0,4659.5625,0.0,0.0,0.0,0.0,0.0,0.0
37,5,5.0,1.0,1.0,10435.11,0.0,0.0,0.0,0.0,0.0,0.0
37,50,5.0,1.0,3.0,57984.509999999995,0.0,0.0,0.0,0.0,0.0,0.0
37,6,5.0,1.0,1.0,6866.16,0.0,0.0,0.0,0.0,0.0,0.0
39,11,5.0,1.0,1.0,11034.135999999999,0.0,0.0,0.0,0.0,0.0,0.0
39,12,14.0,2.0,2.0,3011.538,1.0,3.0,0.0,0.0,0.0,0.0
39,13,5.0,1.0,1.0,9514.6365,0.0,0.0,0.0,0.0,0.0,0.0
39,14,14.0,2.0,3.0,10567.147500000001,1.0,4.0,0.0,0.0,0.0,0.0
39,17,5.0,1.0,1.0,7290.3095,0.0,0.0,0.0,0.0,0.0,0.0
39,18,5.0,1.0,1.0,12639.042,0.0,0.0,0.0,0.0,0.0,0.0
39,2,10.0,2.0,4.0,48150.684,0.0,0.0,0.0,0.0,0.0,0.0
39,26,9.0,1.0,3.0,33666.0,1.0,5.0,0.0,0.0,0.0,0.0
39,27,5.0,1.0,1.0,2578.53,0.0,0.0,0.0,0.0,0.0,0.0
39,36,9.0,1.0,1.0,4598.99,1.0,4.0,0.0,0.0,0.0,0.0
39,4,5.0,1.0,1.0,1105.056,0.0,0.0,0.0,0.0,0.0,0.0
39,5,10.0,2.0,2.0,20870.22,0.0,0.0,0.0,0.0,0.0,0.0
39,6,5.0,1.0,1.0,6866.16,0.0,0.0,0.0,0.0,0.0,0.0
39,8,5.0,1.0,1.0,10740.119999999999,0.0,0.0,0.0,0.0,0.0,0.0
39,9,10.0,2.0,2.0,6274.192,0.0,0.0,0.0,0.0,0.0,0.0
4,20,5.0,1.0,4.0,9116.0,0.0,0.0,0.0,0.0,0.0,0.0
4,23,5.0,1.0,1.0,18480.924,0.0,0.0,0.0,0.0,0.0,0.0
4,29,5.0,1.0,2.0,19641.877,0.0,0.0,0.0,0.0,0.0,0.0
4,4,5.0,1.0,1.0,1105.056,0.0,0.0,0.0,0.0,0.0,0.0
4,9,5.0,1.0,2.0,6274.192,0.0,0.0,0.0,0.0,0.0,0.0
40,1,10.0,2.0,2.0,15916.960000000001,0.0,0.0,0.0,0.0,0.0,0.0
40,10,14.0,2.0,3.0,44396.46,1.0,3.0,0.0,0.0,0.0,0.0
40,11,5.0,1.0,2.0,22068.271999999997,0.0,0.0,0.0,0.0,0.0,0.0
40,12,5.0,1.0,1.0,1505.769,0.0,0.0,0.0,0.0,0.0,0.0
40,13,19.0,3.0,3.0,28543.9095,1.0,4.0,0.0,0.0,0.0,0.0
40,14,5.0,1.0,1.0,3522.3825,0.0,0.0,0.0,0.0,0.0,0.0
40,16,5.0,1.0,1.0,20812.607,0.0,0.0,0.0,0.0,0.0,0.0
40,18,10.0,2.0,3.0,37917.126,0.0,0.0,0.0,0.0,0.0,0.0
40,19,14.0,2.0,2.0,28389.04,1.0,4.0,0.0,0.0,0.0,0.0
40,2,5.0,1.0,2.0,24075.342,0.0,0.0,0.0,0.0,0.0,0.0
40,21,10.0,2.0,4.0,24653.162,0.0,0.0,0.0,0.0,0.0,0.0
40,22,5.0,1.0,1.0,5800.437,0.0,0.0,0.0,0.0,0.0,0.0
40,24,9.0,1.0,1.0,28676.13,1.0,4.0,0.0,0.0,0.0,0.0
40,26,5.0,1.0,1.0,11222.0,0.0,0.0,0.0,0.0,0.0,0.0
40,27,5.0,1.0,1.0,2578.53,0.0,0.0,0.0,0.0,0.0,0.0
40,28,19.0,3.0,4.0,13647.810000000001,1.0,4.0,0.0,0.0,0.0,0.0
40,3,14.0,2.0,2.0,14083.236,1.0,4.0,0.0,0.0,0.0,0.0
40,41,5.0,1.0,2.0,24965.027,0.0,0.0,0.0,0.0,0.0,0.0
40,44,5.0,1.0,1.0,3226.832,0.0,0.0,0.0,0.0,0.0,0.0
40,45,5.0,1.0,1.0,7798.797,0.0,0.0,0.0,0.0,0.0,0.0
40,6,10.0,2.0,3.0,20598.48,0.0,0.0,0.0,0.0,0.0,0.0
40,7,5.0,1.0,1.0,1053.0655,0.0,0.0,0.0,0.0,0.0,0.0
40,8,10.0,2.0,2.0,21480.239999999998,0.0,0.0,0.0,0.0,0.0,0.0
40,9,15.0,3.0,3.0,9411.288,0.0,0.0,0.0,0.0,0.0,0.0
41,29,5.0,1.0,1.0,9820.9385,0.0,0.0,0.0,0.0,0.0,0.0
41,4,9.0,1.0,3.0,3315.1679999999997,1.0,5.0,0.0,0.0,0.0,0.0
41,7,5.0,1.0,1.0,1053.0655,0.0,0.0,0.0,0.0,0.0,0.0
41,9,5.0,1.0,1.0,3137.096,0.0,0.0,0.0,0.0,0.0,0.0
42,1,14.0,2.0,3.0,23875.440000000002,1.0,5.0,0.0,0.0,0.0,0.0
42,15,5.0,1.0,3.0,40569.45,0.0,0.0,0.0,0.0,0.0,0.0
42,17,5.0,1.0,2.0,14580.619,0.0,0.0,0.0,0.0,0.0,0.0
42,35,5.0,1.0,1.0,2899.0865,0.0,0.0,0.0,0.0,0.0,0.0
42,4,5.0,1.0,1.0,1105.056,0.0,0.0,0.0,0.0,0.0,0.0
42,5,5.0,1.0,1.0,10435.11,0.0,0.0,0.0,0.0,0.0,0.0
42,6,5.0,1.0,1.0,6866.16,0.0,0.0,0.0,0.0,0.0,0.0
42,8,5.0,1.0,2.0,21480.239999999998,0.0,0.0,0.0,0.0,0.0,0.0
43,10,14.0,2.0,4.0,59195.28,1.0,4.0,0.0,0.0,0.0,0.0
43,12,5.0,1.0,1.0,1505.769,0.0,0.0,0.0,0.0,0.0,0.0
43,14,5.0,1.0,2.0,7044.765,0.0,0.0,0.0,0.0,0.0,0.0
43,16,5.0,1.0,1.0,20812.607,0.0,0.0,0.0,0.0,0.0,0.0
43,18,5.0,1.0,1.0,12639.042,0.0,0.0,0.0,0.0,0.0,0.0
43,2,10.0,2.0,2.0,24075.342,0.0,0.0,0.0,0.0,0.0,0.0
43,3,5.0,1.0,2.0,14083.236,0.0,0.0,0.0,0.0,0.0,0.0
43,30,5.0,1.0,1.0,4897.656,0.0,0.0,0.0,0.0,0.0,0.0
43,36,5.0,1.0,1.0,4598.99,0.0,0.0,0.0,0.0,0.0,0.0
43,4,5.0,1.0,1.0,1105.056,0.0,0.0,0.0,0.0,0.0,0.0
43,40,5.0,1.0,2.0,41176.590000000004,0.0,0.0,0.0,0.0,0.0,0.0
43,44,5.0,1.0,1.0,3226.832,0.0,0.0,0.0,0.0,0.0,0.0
43,45,5.0,1.0,1.0,7798.797,0.0,0.0,0.0,0.0,0.0,0.0
43,5,10.0,2.0,2.0,20870.22,0.0,0.0,0.0,0.0,0.0,0.0
43,6,5.0,1.0,1.0,6866.16,0.0,0.0,0.0,0.0,0.0,0.0
43,8,5.0,1.0,2.0,21480.239999999998,0.0,0.0,0.0,0.0,0.0,0.0
43,9,5.0,1.0,1.0,3137.096,0.0,0.0,0.0,0.0,0.0,0.0
44,10,5.0,1.0,1.0,14798.82,0.0,0.0,0.0,0.0,0.0,0.0
44,14,5.0,1.0,1.0,3522.3825,0.0,0.0,0.0,0.0,0.0,0.0
44,2,9.0,1.0,1.0,12037.671,1.0,5.0,0.0,0.0,0.0,0.0
44,27,5.0,1.0,2.0,5157.06,0.0,0.0,0.0,0.0,0.0,0.0
44,31,9.0,1.0,2.0,21282.095999999998,1.0,5.0,0.0,0.0,0.0,0.0
44,34,5.0,1.0,2.0,2094.408,0.0,0.0,0.0,0.0,0.0,0.0
44,4,10.0,2.0,2.0,2210.112,0.0,0.0,0.0,0.0,0.0,0.0
44,6,14.0,2.0,2.0,13732.32,1.0,4.0,0.0,0.0,0.0,0.0
45,1,24.0,4.0,4.0,31833.920000000002,1.0,5.0,0.0,0.0,0.0,0.0
45,10,10.0,2.0,2.0,29597.64,0.0,0.0,0.0,0.0,0.0,0.0
45,11,10.0,2.0,3.0,33102.407999999996,0.0,0.0,0.0,0.0,0.0,0.0
45,12,10.0,2.0,2.0,3011.538,0.0,0.0,0.0,0.0,0.0,0.0
45,21,5.0,1.0,2.0,12326.581,0.0,0.0,0.0,0.0,0.0,0.0
45,22,10.0,2.0,3.0,17401.311,0.0,0.0,0.0,0.0,0.0,0.0
45,23,10.0,2.0,2.0,36961.848,0.0,0.0,0.0,0.0,0.0,0.0
45,25,10.0,2.0,3.0,12081.48,0.0,0.0,0.0,0.0,0.0,0.0
45,3,19.0,3.0,4.0,28166.472,1.0,3.0,0.0,0.0,0.0,0.0
45,30,5.0,1.0,1.0,4897.656,0.0,0.0,0.0,0.0,0.0,0.0
45,36,9.0,1.0,2.0,9197.98,1.0,4.0,0.0,0.0,0.0,0.0
45,4,10.0,2.0,4.0,4420.224,0.0,0.0,0.0,0.0,0.0,0.0
45,5,5.0,1.0,2.0,20870.22,0.0,0.0,0.0,0.0,0.0,0.0
45,50,5.0,1.0,2.0,38656.34,0.0,0.0,0.0,0.0,0.0,0.0
45,8,14.0,2.0,2.0,21480.239999999998,1.0,4.0,0.0,0.0,0.0,0.0
46,1,14.0,2.0,2.0,15916.960000000001,1.0,4.0,0.0,0.0,0.0,0.0
46,11,5.0,1.0,1.0,11034.135999999999,0.0,0.0,0.0,0.0,0.0,0.0
46,13,10.0,2.0,3.0,28543.9095,0.0,0.0,0.0,0.0,0.0,0.0
46,15,10.0,2.0,3.0,40569.45,0.0,0.0,0.0,0.0,0.0,0.0
46,18,5.0,1.0,3.0,37917.126,0.0,0.0,0.0,0.0,0.0,0.0
46,19,5.0,1.0,1.0,14194.52,0.0,0.0,0.0,0.0,0.0,0.0
46,2,10.0,2.0,2.0,24075.342,0.0,0.0,0.0,0.0,0.0,0.0
46,20,5.0,1.0,2.0,4558.0,0.0,0.0,0.0,0.0,0.0,0.0
46,21,5.0,1.0,1.0,6163.2905,0.0,0.0,0.0,0.0,0.0,0.0
46,22,5.0,1.0,1.0,5800.437,0.0,0.0,0.0,0.0,0.0,0.0
46,23,10.0,2.0,5.0,92404.62,0.0,0.0,0.0,0.0,0.0,0.0
46,24,5.0,1.0,2.0,57352.26,0.0,0.0,0.0,0.0,0.0,0.0
46,26,9.0,1.0,3.0,33666.0,1.0,4.0,0.0,0.0,0.0,0.0
46,27,5.0,1.0,1.0,2578.53,0.0,0.0,0.0,0.0,0.0,0.0
46,29,5.0,1.0,2.0,19641.877,0.0,0.0,0.0,0.0,0.0,0.0
46,3,10.0,2.0,2.0,14083.236,0.0,0.0,0.0,0.0,0.0,0.0
46,33,5.0,1.0,1.0,15745.968,0.0,0.0,0.0,0.0,0.0,0.0
46,38,5.0,1.0,1.0,6206.700000000001,0.0,0.0,0.0,0.0,0.0,0.0
46,39,10.0,2.0,2.0,27146.106,0.0,0.0,0.0,0.0,0.0,0.0
46,4,10.0,2.0,3.0,3315.168,0.0,0.0,0.0,0.0,0.0,0.0
46,47,10.0,2.0,2.0,40552.916,0.0,0.0,0.0,0.0,0.0,0.0
46,49,9.0,1.0,1.0,6371.023999999999,1.0,5.0,0.0,0.0,0.0,0.0
46,5,10.0,2.0,4.0,41740.44,0.0,0.0,0.0,0.0,0.0,0.0
46,50,5.0,1.0,1.0,19328.17,0.0,0.0,0.0,0.0,0.0,0.0
46,6,10.0,2.0,4.0,27464.64,0.0,0.0,0.0,0.0,0.0,0.0
46,7,5.0,1.0,1.0,1053.0655,0.0,0.0,0.0,0.0,0.0,0.0
46,8,5.0,1.0,2.0,21480.239999999998,0.0,0.0,0.0,0.0,0.0,0.0
46,9,5.0,1.0,3.0,9411.288,0.0,0.0,0.0,0.0,0.0,0.0
47,14,5.0,1.0,3.0,10567.147500000001,0.0,0.0,0.0,0.0,0.0,0.0
47,15,5.0,1.0,1.0,13523.15,0.0,0.0,0.0,0.0,0.0,0.0
47,16,9.0,1.0,1.0,20812.607,1.0,4.0,0.0,0.0,0.0,0.0
47,2,5.0,1.0,1.0,12037.671,0.0,0.0,0.0,0.0,0.0,0.0
47,23,5.0,1.0,1.0,18480.924,0.0,0.0,0.0,0.0,0.0,0.0
48,12,9.0,1.0,1.0,1505.769,1.0,4.0,0.0,0.0,0.0,0.0
48,14,9.0,1.0,1.0,3522.3825,1.0,5.0,0.0,0.0,0.0,0.0
48,15,5.0,1.0,1.0,13523.15,0.0,0.0,0.0,0.0,0.0,0.0
48,2,5.0,1.0,1.0,12037.671,0.0,0.0,0.0,0.0,0.0,0.0
48,21,5.0,1.0,1.0,6163.2905,0.0,0.0,0.0,0.0,0.0,0.0
48,50,9.0,1.0,1.0,19328.17,1.0,4.0,0.0,0.0,0.0,0.0
48,6,5.0,1.0,1.0,6866.16,0.0,0.0,0.0,0.0,0.0,0.0
48,9,9.0,1.0,1.0,3137.096,1.0,2.0,0.0,0.0,0.0,0.0
49,1,10.0,2.0,2.0,15916.960000000001,0.0,0.0,0.0,0.0,0.0,0.0
49,11,5.0,1.0,1.0,11034.135999999999,0.0,0.0,0.0,0.0,0.0,0.0
49,12,5.0,1.0,1.0,1505.769,0.0,0.0,0.0,0.0,0.0,0.0
49,14,5.0,1.0,1.0,3522.3825,0.0,0.0,0.0,0.0,0.0,0.0
49,24,5.0,1.0,1.0,28676.13,0.0,0.0,0.0,0.0,0.0,0.0
49,28,5.0,1.0,1.0,3411.9525000000003,0.0,0.0,0.0,0.0,0.0,0.0
49,3,10.0,2.0,4.0,28166.472,0.0,0.0,0.0,0.0,0.0,0.0
49,36,5.0,1.0,4.0,18395.96,0.0,0.0,0.0,0.0,0.0,0.0
49,4,14.0,2.0,2.0,2210.112,1.0,5.0,0.0,0.0,0.0,0.0
49,6,10.0,2.0,3.0,20598.48,0.0,0.0,0.0,0.0,0.0,0.0
49,7,5.0,1.0,2.0,2106.131,0.0,0.0,0.0,0.0,0.0,0.0
49,8,5.0,1.0,1.0,10740.119999999999,0.0,0.0,0.0,0.0,0.0,0.0
5,1,5.0,1.0,1.0,7958.4800000000005,0.0,0.0,0.0,0.0,0.0,0.0
5,10,5.0,1.0,1.0,14798.82,0.0,0.0,0.0,0.0,0.0,0.0
5,11,5.0,1.0,3.0,33102.407999999996,0.0,0.0,0.0,0.0,0.0,0.0
5,12,5.0,1.0,1.0,1505.769,0.0,0.0,0.0,0.0,0.0,0.0
5,13,5.0,1.0,2.0,19029.273,0.0,0.0,0.0,0.0,0.0,0.0
5,15,9.0,1.0,1.0,13523.15,1.0,5.0,0.0,0.0,0.0,0.0
5,16,9.0,1.0,1.0,20812.607,1.0,4.0,0.0,0.0,0.0,0.0
5,2,5.0,1.0,2.0,24075.342,0.0,0.0,0.0,0.0,0.0,0.0
5,20,14.0,2.0,2.0,4558.0,1.0,4.0,0.0,0.0,0.0,0.0
5,21,9.0,1.0,1.0,6163.2905,1.0,4.0,0.0,0.0,0.0,0.0
5,34,10.0,2.0,6.0,6283.224,0.0,0.0,0.0,0.0,0.0,0.0
5,39,5.0,1.0,3.0,40719.159,0.0,0.0,0.0,0.0,0.0,0.0
5,5,5.0,1.0,1.0,10435.11,0.0,0.0,0.0,0.0,0.0,0.0
5,6,14.0,2.0,3.0,20598.48,1.0,5.0,0.0,0.0,0.0,0.0
5,7,9.0,1.0,1.0,1053.0655,1.0,4.0,0.0,0.0,0.0,0.0
5,9,14.0,2.0,3.0,9411.288,1.0,4.0,0.0,0.0,0.0,0.0
50,16,5.0,1.0,1.0,20812.607,0.0,0.0,0.0,0.0,0.0,0.0
50,22,9.0,1.0,2.0,11600.874,1.0,4.0,0.0,0.0,0.0,0.0
50,25,5.0,1.0,1.0,4027.16,0.0,0.0,0.0,0.0,0.0,0.0
50,3,5.0,1.0,1.0,7041.618,0.0,0.0,0.0,0.0,0.0,0.0
50,30,5.0,1.0,1.0,4897.656,0.0,0.0,0.0,0.0,0.0,0.0
50,5,9.0,1.0,1.0,10435.11,1.0,4.0,0.0,0.0,0.0,0.0
51,1,10.0,2.0,2.0,15916.960000000001,0.0,0.0,0.0,0.0,0.0,0.0
51,3,9.0,1.0,1.0,7041.618,1.0,4.0,0.0,0.0,0.0,0.0
51,4,5.0,1.0,1.0,1105.056,0.0,0.0,0.0,0.0,0.0,0.0
51,42,9.0,1.0,3.0,61913.19,1.0,4.0,0.0,0.0,0.0,0.0
51,46,5.0,1.0,2.0,14636.935,0.0,0.0,0.0,0.0,0.0,0.0
51,5,14.0,2.0,2.0,20870.22,1.0,4.0,0.0,0.0,0.0,0.0
52,15,9.0,1.0,1.0,13523.15,1.0,4.0,0.0,0.0,0.0,0.0
52,23,5.0,1.0,1.0,18480.924,0.0,0.0,0.0,0.0,0.0,0.0
52,9,5.0,1.0,1.0,3137.096,0.0,0.0,0.0,0.0,0.0,0.0
53,1,5.0,1.0,2.0,15916.960000000001,0.0,0.0,0.0,0.0,0.0,0.0
53,12,5.0,1.0,1.0,1505.769,0.0,0.0,0.0,0.0,0.0,0.0
53,2,5.0,1.0,1.0,12037.671,0.0,0.0,0.0,0.0,0.0,0.0
53,26,5.0,1.0,3.0,33666.0,0.0,0.0,0.0,0.0,0.0,0.0
53,44,5.0,1.0,1.0,3226.832,0.0,0.0,0.0,0.0,0.0,0.0
53,5,9.0,1.0,1.0,10435.11,1.0,4.0,0.0,0.0,0.0,0.0
53,6,5.0,1.0,1.0,6866.16,0.0,0.0,0.0,0.0,0.0,0.0
53,9,5.0,1.0,1.0,3137.096,0.0,0.0,0.0,0.0,0.0,0.0
54,1,5.0,1.0,1.0,7958.4800000000005,0.0,0.0,0.0,0.0,0.0,0.0
54,10,5.0,1.0,1.0,14798.82,0.0,0.0,0.0,0.0,0.0,0.0
54,11,5.0,1.0,1.0,11034.135999999999,0.0,0.0,0.0,0.0,0.0,0.0
54,18,5.0,1.0,1.0,12639.042,0.0,0.0,0.0,0.0,0.0,0.0
54,27,9.0,1.0,2.0,5157.06,1.0,4.0,0.0,0.0,0.0,0.0
54,3,5.0,1.0,2.0,14083.236,0.0,0.0,0.0,0.0,0.0,0.0
54,33,5.0,1.0,1.0,15745.968,0.0,0.0,0.0,0.0,0.0,0.0
54,42,5.0,1.0,1.0,20637.73,0.0,0.0,0.0,0.0,0.0,0.0
54,48,5.0,1.0,2.0,23509.02,0.0,0.0,0.0,0.0,0.0,0.0
54,5,5.0,1.0,2.0,20870.22,0.0,0.0,0.0,0.0,0.0,0.0
54,7,5.0,1.0,1.0,1053.0655,0.0,0.0,0.0,0.0,0.0,0.0
54,9,5.0,1.0,1.0,3137.096,0.0,0.0,0.0,0.0,0.0,0.0
55,11,5.0,1.0,1.0,11034.135999999999,0.0,0.0,0.0,0.0,0.0,0.0
55,16,5.0,1.0,1.0,20812.607,0.0,0.0,0.0,0.0,0.0,0.0
55,18,5.0,1.0,1.0,12639.042,0.0,0.0,0.0,0.0,0.0,0.0
55,2,5.0,1.0,1.0,12037.671,0.0,0.0,0.0,0.0,0.0,0.0
56,10,5.0,1.0,1.0,14798.82,0.0,0.0,0.0,0.0,0.0,0.0
56,11,5.0,1.0,1.0,11034.135999999999,0.0,0.0,0.0,0.0,0.0,0.0
56,14,5.0,1.0,1.0,3522.3825,0.0,0.0,0.0,0.0,0.0,0.0
56,15,5.0,1.0,3.0,40569.45,0.0,0.0,0.0,0.0,0.0,0.0
56,16,5.0,1.0,1.0,20812.607,0.0,0.0,0.0,0.0,0.0,0.0
56,18,5.0,1.0,2.0,25278.084,0.0,0.0,0.0,0.0,0.0,0.0
56,19,9.0,1.0,1.0,14194.52,1.0,2.0,0.0,0.0,0.0,0.0
56,21,5.0,1.0,1.0,6163.2905,0.0,0.0,0.0,0.0,0.0,0.0
56,22,10.0,2.0,2.0,11600.874,0.0,0.0,0.0,0.0,0.0,0.0
56,23,5.0,1.0,1.0,18480.924,0.0,0.0,0.0,0.0,0.0,0.0
56,26,10.0,2.0,2.0,22444.0,0.0,0.0,0.0,0.0,0.0,0.0
56,3,5.0,1.0,1.0,7041.618,0.0,0.0,0.0,0.0,0.0,0.0
56,33,5.0,1.0,1.0,15745.968,0.0,0.0,0.0,0.0,0.0,0.0
56,35,5.0,1.0,1.0,2899.0865,0.0,0.0,0.0,0.0,0.0,0.0
56,37,5.0,1.0,3.0,22358.880000000005,0.0,0.0,0.0,0.0,0.0,0.0
56,5,5.0,1.0,1.0,10435.11,0.0,0.0,0.0,0.0,0.0,0.0
56,6,5.0,1.0,2.0,13732.32,0.0,0.0,0.0,0.0,0.0,0.0
57,11,5.0,1.0,1.0,11034.135999999999,0.0,0.0,0.0,0.0,0.0,0.0
58,1,9.0,1.0,2.0,15916.960000000001,1.0,3.0,0.0,0.0,0.0,0.0
58,11,9.0,1.0,2.0,22068.271999999997,1.0,3.0,0.0,0.0,0.0,0.0
58,20,5.0,1.0,1.0,2279.0,0.0,0.0,0.0,0.0,0.0,0.0
58,22,5.0,1.0,2.0,11600.874,0.0,0.0,0.0,0.0,0.0,0.0
58,25,5.0,1.0,1.0,4027.16,0.0,0.0,0.0,0.0,0.0,0.0
58,31,5.0,1.0,2.0,21282.095999999998,0.0,0.0,0.0,0.0,0.0,0.0
58,4,10.0,2.0,2.0,2210.112,0.0,0.0,0.0,0.0,0.0,0.0
58,5,5.0,1.0,2.0,20870.22,0.0,0.0,0.0,0.0,0.0,0.0
58,7,5.0,1.0,1.0,1053.0655,0.0,0.0,0.0,0.0,0.0,0.0
58,9,5.0,1.0,2.0,6274.192,0.0,0.0,0.0,0.0,0.0,0.0
59,11,5.0,1.0,2.0,22068.271999999997,0.0,0.0,0.0,0.0,0.0,0.0
59,12,5.0,1.0,2.0,3011.538,0.0,0.0,0.0,0.0,0.0,0.0
59,22,5.0,1.0,2.0,11600.874,0.0,0.0,0.0,0.0,0.0,0.0
59,35,5.0,1.0,2.0,5798.173,0.0,0.0,0.0,0.0,0.0,0.0
59,4,9.0,1.0,1.0,1105.056,1.0,4.0,0.0,0.0,0.0,0.0
59,6,9.0,1.0,1.0,6866.16,1.0,5.0,0.0,0.0,0.0,0.0
59,7,5.0,1.0,1.0,1053.0655,0.0,0.0,0.0,0.0,0.0,0.0
6,12,5.0,1.0,1.0,1505.769,0.0,0.0,0.0,0.0,0.0,0.0
6,15,5.0,1.0,2.0,27046.3,0.0,0.0,0.0,0.0,0.0,0.0
6,2,5.0,1.0,1.0,12037.671,0.0,0.0,0.0,0.0,0.0,0.0
6,24,9.0,1.0,1.0,28676.13,1.0,4.0,0.0,0.0,0.0,0.0
6,5,14.0,2.0,4.0,41740.44,1.0,4.0,0.0,0.0,0.0,0.0
6,9,5.0,1.0,1.0,3137.096,0.0,0.0,0.0,0.0,0.0,0.0
60,21,5.0,1.0,2.0,12326.581,0.0,0.0,0.0,0.0,0.0,0.0
60,31,9.0,1.0,1.0,10641.047999999999,1.0,4.0,0.0,0.0,0.0,0.0
60,6,5.0,1.0,1.0,6866.16,0.0,0.0,0.0,0.0,0.0,0.0
61,10,5.0,1.0,1.0,14798.82,0.0,0.0,0.0,0.0,0.0,0.0
61,11,10.0,2.0,4.0,44136.543999999994,0.0,0.0,0.0,0.0,0.0,0.0
61,12,9.0,1.0,1.0,1505.769,1.0,4.0,0.0,0.0,0.0,0.0
61,13,5.0,1.0,1.0,9514.6365,0.0,0.0,0.0,0.0,0.0,0.0
61,14,5.0,1.0,1.0,3522.3825,0.0,0.0,0.0,0.0,0.0,0.0
61,16,5.0,1.0,1.0,20812.607,0.0,0.0,0.0,0.0,0.0,0.0
61,17,5.0,1.0,2.0,14580.619,0.0,0.0,0.0,0.0,0.0,0.0
61,26,5.0,1.0,1.0,11222.0,0.0,0.0,0.0,0.0,0.0,0.0
61,8,9.0,1.0,1.0,10740.119999999999,1.0,4.0,0.0,0.0,0.0,0.0
61,9,9.0,1.0,3.0,9411.288,1.0,4.0,0.0,0.0,0.0,0.0
62,12,9.0,1.0,1.0,1505.769,1.0,4.0,0.0,0.0,0.0,0.0
62,13,9.0,1.0,1.0,9514.6365,1.0,4.0,0.0,0.0,0.0,0.0
62,16,5.0,1.0,1.0,20812.607,0.0,0.0,0.0,0.0,0.0,0.0
62,17,5.0,1.0,1.0,7290.3095,0.0,0.0,0.0,0.0,0.0,0.0
62,18,5.0,1.0,1.0,12639.042,0.0,0.0,0.0,0.0,0.0,0.0
62,3,10.0,2.0,2.0,14083.236,0.0,0.0,0.0,0.0,0.0,0.0
62,30,5.0,1.0,1.0,4897.656,0.0,0.0,0.0,0.0,0.0,0.0
62,47,9.0,1.0,1.0,20276.458,1.0,3.0,0.0,0.0,0.0,0.0
62,5,5.0,1.0,1.0,10435.11,0.0,0.0,0.0,0.0,0.0,0.0
63,17,5.0,1.0,1.0,7290.3095,0.0,0.0,0.0,0.0,0.0,0.0
63,18,5.0,1.0,1.0,12639.042,0.0,0.0,0.0,0.0,0.0,0.0
63,4,15.0,3.0,3.0,3315.168,0.0,0.0,0.0,0.0,0.0,0.0
63,5,5.0,1.0,1.0,10435.11,0.0,0.0,0.0,0.0,0.0,0.0
63,9,5.0,1.0,1.0,3137.096,0.0,0.0,0.0,0.0,0.0,0.0
64,12,5.0,1.0,1.0,1505.769,0.0,0.0,0.0,0.0,0.0,0.0
64,13,5.0,1.0,1.0,9514.6365,0.0,0.0,0.0,0.0,0.0,0.0
64,14,9.0,1.0,1.0,3522.3825,1.0,5.0,0.0,0.0,0.0,0.0
64,19,5.0,1.0,1.0,14194.52,0.0,0.0,0.0,0.0,0.0,0.0
64,2,9.0,1.0,1.0,12037.671,1.0,5.0,0.0,0.0,0.0,0.0
64,20,5.0,1.0,1.0,2279.0,0.0,0.0,0.0,0.0,0.0,0.0
64,5,5.0,1.0,1.0,10435.11,0.0,0.0,0.0,0.0,0.0,0.0
64,6,5.0,1.0,1.0,6866.16,0.0,0.0,0.0,0.0,0.0,0.0
64,7,5.0,1.0,1.0,1053.0655,0.0,0.0,0.0,0.0,0.0,0.0
65,1,5.0,1.0,1.0,7958.4800000000005,0.0,0.0,0.0,0.0,0.0,0.0
65,11,5.0,1.0,2.0,22068.271999999997,0.0,0.0,0.0,0.0,0.0,0.0
65,13,5.0,1.0,2.0,19029.273,0.0,0.0,0.0,0.0,0.0,0.0
65,19,5.0,1.0,1.0,14194.52,0.0,0.0,0.0,0.0,0.0,0.0
65,2,5.0,1.0,1.0,12037.671,0.0,0.0,0.0,0.0,0.0,0.0
65,25,5.0,1.0,1.0,4027.16,0.0,0.0,0.0,0.0,0.0,0.0
65,32,5.0,1.0,2.0,42511.536,0.0,0.0,0.0,0.0,0.0,0.0
65,4,5.0,1.0,1.0,1105.056,0.0,0.0,0.0,0.0,0.0,0.0
66,1,5.0,1.0,1.0,7958.4800000000005,0.0,0.0,0.0,0.0,0.0,0.0
66,16,5.0,1.0,1.0,20812.607,0.0,0.0,0.0,0.0,0.0,0.0
66,19,9.0,1.0,1.0,14194.52,1.0,3.0,0.0,0.0,0.0,0.0
66,30,5.0,1.0,1.0,4897.656,0.0,0.0,0.0,0.0,0.0,0.0
66,7,5.0,1.0,1.0,1053.0655,0.0,0.0,0.0,0.0,0.0,0.0
67,1,5.0,1.0,1.0,7958.4800000000005,0.0,0.0,0.0,0.0,0.0,0.0
67,14,9.0,1.0,1.0,3522.3825,1.0,3.0,0.0,0.0,0.0,0.0
67,8,5.0,1.0,1.0,10740.119999999999,0.0,0.0,0.0,0.0,0.0,0.0
68,1,10.0,2.0,4.0,31833.920000000002,0.0,0.0,0.0,0.0,0.0,0.0
68,14,5.0,1.0,2.0,7044.765,0.0,0.0,0.0,0.0,0.0,0.0
68,15,5.0,1.0,1.0,13523.15,0.0,0.0,0.0,0.0,0.0,0.0
68,16,9.0,1.0,1.0,20812.607,1.0,4.0,0.0,0.0,0.0,0.0
68,18,5.0,1.0,1.0,12639.042,0.0,0.0,0.0,0.0,0.0,0.0
68,2,19.0,3.0,3.0,36113.013,1.0,4.0,0.0,0.0,0.0,0.0
68,22,14.0,2.0,2.0,11600.874,1.0,4.0,0.0,0.0,0.0,0.0
68,24,5.0,1.0,1.0,28676.13,0.0,0.0,0.0,0.0,0.0,0.0
68,25,5.0,1.0,1.0,4027.16,0.0,0.0,0.0,0.0,0.0,0.0
68,27,5.0,1.0,1.0,2578.53,0.0,0.0,0.0,0.0,0.0,0.0
68,3,10.0,2.0,2.0,14083.236,0.0,0.0,0.0,0.0,0.0,0.0
68,4,5.0,1.0,1.0,1105.056,0.0,0.0,0.0,0.0,0.0,0.0
68,41,5.0,1.0,2.0,24965.027,0.0,0.0,0.0,0.0,0.0,0.0
68,6,15.0,3.0,3.0,20598.48,0.0,0.0,0.0,0.0,0.0,0.0
68,7,5.0,1.0,1.0,1053.0655,0.0,0.0,0.0,0.0,0.0,0.0
68,8,10.0,2.0,3.0,32220.359999999997,0.0,0.0,0.0,0.0,0.0,0.0
69,11,9.0,1.0,1.0,11034.135999999999,1.0,5.0,0.0,0.0,0.0,0.0
69,12,5.0,1.0,1.0,1505.769,0.0,0.0,0.0,0.0,0.0,0.0
69,13,5.0,1.0,3.0,28543.9095,0.0,0.0,0.0,0.0,0.0,0.0
69,2,5.0,1.0,1.0,12037.671,0.0,0.0,0.0,0.0,0.0,0.0
69,24,5.0,1.0,1.0,28676.13,0.0,0.0,0.0,0.0,0.0,0.0
69,29,5.0,1.0,1.0,9820.9385,0.0,0.0,0.0,0.0,0.0,0.0
69,35,10.0,2.0,2.0,5798.173,0.0,0.0,0.0,0.0,0.0,0.0
69,5,5.0,1.0,1.0,10435.11,0.0,0.0,0.0,0.0,0.0,0.0
69,6,10.0,2.0,2.0,13732.32,0.0,0.0,0.0,0.0,0.0,0.0
69,8,5.0,1.0,1.0,10740.119999999999,0.0,0.0,0.0,0.0,0.0,0.0
7,23,5.0,1.0,1.0,18480.924,0.0,0.0,0.0,0.0,0.0,0.0
7,24,5.0,1.0,1.0,28676.13,0.0,0.0,0.0,0.0,0.0,0.0
7,36,5.0,1.0,1.0,4598.99,0.0,0.0,0.0,0.0,0.0,0.0
7,4,10.0,2.0,3.0,3315.168,0.0,0.0,0.0,0.0,0.0,0.0
7,9,5.0,1.0,2.0,6274.192,0.0,0.0,0.0,0.0,0.0,0.0
71,1,5.0,1.0,1.0,7958.4800000000005,0.0,0.0,0.0,0.0,0.0,0.0
71,25,5.0,1.0,1.0,4027.16,0.0,0.0,0.0,0.0,0.0,0.0
72,20,5.0,1.0,2.0,4558.0,0.0,0.0,0.0,0.0,0.0,0.0
72,28,5.0,1.0,1.0,3411.9525000000003,0.0,0.0,0.0,0.0,0.0,0.0
72,39,5.0,1.0,1.0,13573.053,0.0,0.0,0.0,0.0,0.0,0.0
72,9,5.0,1.0,2.0,6274.192,0.0,0.0,0.0,0.0,0.0,0.0
73,11,5.0,1.0,1.0,11034.135999999999,0.0,0.0,0.0,0.0,0.0,0.0
73,17,5.0,1.0,1.0,7290.3095,0.0,0.0,0.0,0.0,0.0,0.0
73,3,5.0,1.0,1.0,7041.618,0.0,0.0,0.0,0.0,0.0,0.0
73,38,5.0,1.0,1.0,6206.700000000001,0.0,0.0,0.0,0.0,0.0,0.0
73,4,5.0,1.0,1.0,1105.056,0.0,0.0,0.0,0.0,0.0,0.0
73,40,5.0,1.0,2.0,41176.590000000004,0.0,0.0,0.0,0.0,0.0,0.0
73,5,9.0,1.0,2.0,20870.22,1.0,4.0,0.0,0.0,0.0,0.0
74,1,10.0,2.0,3.0,23875.440000000002,0.0,0.0,0.0,0.0,0.0,0.0
74,29,5.0,1.0,1.0,9820.9385,0.0,0.0,0.0,0.0,0.0,0.0
74,3,10.0,2.0,2.0,14083.236,0.0,0.0,0.0,0.0,0.0,0.0
74,7,5.0,1.0,1.0,1053.0655,0.0,0.0,0.0,0.0,0.0,0.0
74,8,9.0,1.0,2.0,21480.239999999998,1.0,3.0,0.0,0.0,0.0,0.0
75,16,5.0,1.0,3.0,62437.820999999996,0.0,0.0,0.0,0.0,0.0,0.0
75,2,9.0,1.0,2.0,24075.342,1.0,3.0,0.0,0.0,0.0,0.0
76,1,5.0,1.0,1.0,7958.4800000000005,0.0,0.0,0.0,0.0,0.0,0.0
76,13,5.0,1.0,1.0,9514.6365,0.0,0.0,0.0,0.0,0.0,0.0
76,14,5.0,1.0,1.0,3522.3825,0.0,0.0,0.0,0.0,0.0,0.0
76,16,9.0,1.0,1.0,20812.607,1.0,4.0,0.0,0.0,0.0,0.0
76,2,10.0,2.0,2.0,24075.342,0.0,0.0,0.0,0.0,0.0,0.0
76,20,9.0,1.0,1.0,2279.0,1.0,3.0,0.0,0.0,0.0,0.0
76,26,9.0,1.0,2.0,22444.0,1.0,4.0,0.0,0.0,0.0,0.0
76,4,5.0,1.0,1.0,1105.056,0.0,0.0,0.0,0.0,0.0,0.0
76,5,5.0,1.0,1.0,10435.11,0.0,0.0,0.0,0.0,0.0,0.0
76,8,5.0,1.0,2.0,21480.239999999998,0.0,0.0,0.0,0.0,0.0,0.0
77,1,5.0,1.0,1.0,7958.4800000000005,0.0,0.0,0.0,0.0,0.0,0.0
77,12,19.0,3.0,3.0,4517.307,1.0,4.0,0.0,0.0,0.0,0.0
77,13,5.0,1.0,2.0,19029.273,0.0,0.0,0.0,0.0,0.0,0.0
77,23,5.0,1.0,1.0,18480.924,0.0,0.0,0.0,0.0,0.0,0.0
77,26,9.0,1.0,3.0,33666.0,1.0,3.0,0.0,0.0,0.0,0.0
77,28,5.0,1.0,1.0,3411.9525000000003,0.0,0.0,0.0,0.0,0.0,0.0
77,3,5.0,1.0,1.0,7041.618,0.0,0.0,0.0,0.0,0.0,0.0
77,33,5.0,1.0,4.0,62983.872,0.0,0.0,0.0,0.0,0.0,0.0
77,4,9.0,1.0,1.0,1105.056,1.0,4.0,0.0,0.0,0.0,0.0
77,5,5.0,1.0,4.0,41740.44,0.0,0.0,0.0,0.0,0.0,0.0
77,6,5.0,1.0,1.0,6866.16,0.0,0.0,0.0,0.0,0.0,0.0
77,9,10.0,2.0,3.0,9411.288,0.0,0.0,0.0,0.0,0.0,0.0
78,1,5.0,1.0,1.0,7958.4800000000005,0.0,0.0,0.0,0.0,0.0,0.0
78,11,10.0,2.0,2.0,22068.271999999997,0.0,0.0,0.0,0.0,0.0,0.0
78,20,5.0,1.0,3.0,6837.0,0.0,0.0,0.0,0.0,0.0,0.0
78,21,5.0,1.0,2.0,12326.581,0.0,0.0,0.0,0.0,0.0,0.0
78,23,5.0,1.0,2.0,36961.848,0.0,0.0,0.0,0.0,0.0,0.0
78,4,5.0,1.0,2.0,2210.112,0.0,0.0,0.0,0.0,0.0,0.0
78,5,5.0,1.0,2.0,20870.22,0.0,0.0,0.0,0.0,0.0,0.0
78,6,10.0,2.0,2.0,13732.32,0.0,0.0,0.0,0.0,0.0,0.0
79,11,5.0,1.0,1.0,11034.135999999999,0.0,0.0,0.0,0.0,0.0,0.0
79,14,5.0,1.0,1.0,3522.3825,0.0,0.0,0.0,0.0,0.0,0.0
79,24,5.0,1.0,1.0,28676.13,0.0,0.0,0.0,0.0,0.0,0.0
8,14,5.0,1.0,1.0,3522.3825,0.0,0.0,0.0,0.0,0.0,0.0
8,19,9.0,1.0,1.0,14194.52,1.0,4.0,0.0,0.0,0.0,0.0
8,21,5.0,1.0,2.0,12326.581,0.0,0.0,0.0,0.0,0.0,0.0
8,3,10.0,2.0,3.0,21124.854,0.0,0.0,0.0,0.0,0.0,0.0
8,42,9.0,1.0,1.0,20637.73,1.0,4.0,0.0,0.0,0.0,0.0
8,6,14.0,2.0,2.0,13732.32,1.0,5.0,0.0,0.0,0.0,0.0
80,1,9.0,1.0,2.0,15916.960000000001,1.0,4.0,0.0,0.0,0.0,0.0
80,10,9.0,1.0,4.0,59195.28,1.0,5.0,0.0,0.0,0.0,0.0
80,11,5.0,1.0,1.0,11034.135999999999,0.0,0.0,0.0,0.0,0.0,0.0
80,12,5.0,1.0,1.0,1505.769,0.0,0.0,0.0,0.0,0.0,0.0
80,16,9.0,1.0,1.0,20812.607,1.0,4.0,0.0,0.0,0.0,0.0
80,21,5.0,1.0,1.0,6163.2905,0.0,0.0,0.0,0.0,0.0,0.0
80,31,5.0,1.0,2.0,21282.095999999998,0.0,0.0,0.0,0.0,0.0,0.0
80,38,5.0,1.0,1.0,6206.700000000001,0.0,0.0,0.0,0.0,0.0,0.0
81,16,5.0,1.0,1.0,20812.607,0.0,0.0,0.0,0.0,0.0,0.0
81,19,9.0,1.0,1.0,14194.52,1.0,3.0,0.0,0.0,0.0,0.0
81,2,9.0,1.0,2.0,24075.342,1.0,3.0,0.0,0.0,0.0,0.0
81,20,9.0,1.0,1.0,2279.0,1.0,4.0,0.0,0.0,0.0,0.0
81,26,9.0,1.0,1.0,11222.0,1.0,5.0,0.0,0.0,0.0,0.0
81,9,5.0,1.0,1.0,3137.096,0.0,0.0,0.0,0.0,0.0,0.0
82,11,9.0,1.0,1.0,11034.135999999999,1.0,5.0,0.0,0.0,0.0,0.0
82,7,5.0,1.0,1.0,1053.0655,0.0,0.0,0.0,0.0,0.0,0.0
82,8,5.0,1.0,1.0,10740.119999999999,0.0,0.0,0.0,0.0,0.0,0.0
83,16,5.0,1.0,1.0,20812.607,0.0,0.0,0.0,0.0,0.0,0.0
83,29,5.0,1.0,1.0,9820.9385,0.0,0.0,0.0,0.0,0.0,0.0
83,3,9.0,1.0,1.0,7041.618,1.0,5.0,0.0,0.0,0.0,0.0
83,33,5.0,1.0,1.0,15745.968,0.0,0.0,0.0,0.0,0.0,0.0
83,7,5.0,1.0,1.0,1053.0655,0.0,0.0,0.0,0.0,0.0,0.0
83,8,5.0,1.0,1.0,10740.119999999999,0.0,0.0,0.0,0.0,0.0,0.0
84,13,10.0,2.0,2.0,19029.273,0.0,0.0,0.0,0.0,0.0,0.0
84,26,5.0,1.0,1.0,11222.0,0.0,0.0,0.0,0.0,0.0,0.0
84,3,5.0,1.0,1.0,7041.618,0.0,0.0,0.0,0.0,0.0,0.0
84,39,9.0,1.0,1.0,13573.053,1.0,4.0,0.0,0.0,0.0,0.0
84,5,5.0,1.0,2.0,20870.22,0.0,0.0,0.0,0.0,0.0,0.0
84,6,5.0,1.0,1.0,6866.16,0.0,0.0,0.0,0.0,0.0,0.0
85,1,5.0,1.0,1.0,7958.4800000000005,0.0,0.0,0.0,0.0,0.0,0.0
85,15,5.0,1.0,1.0,13523.15,0.0,0.0,0.0,0.0,0.0,0.0
85,18,10.0,2.0,3.0,37917.126,0.0,0.0,0.0,0.0,0.0,0.0
85,19,5.0,1.0,2.0,28389.04,0.0,0.0,0.0,0.0,0.0,0.0
85,2,5.0,1.0,2.0,24075.342,0.0,0.0,0.0,0.0,0.0,0.0
85,22,5.0,1.0,2.0,11600.874,0.0,0.0,0.0,0.0,0.0,0.0
85,6,10.0,2.0,2.0,13732.32,0.0,0.0,0.0,0.0,0.0,0.0
86,1,24.0,4.0,9.0,71626.32,1.0,5.0,0.0,0.0,0.0,0.0
86,10,5.0,1.0,1.0,14798.82,0.0,0.0,0.0,0.0,0.0,0.0
86,11,5.0,1.0,1.0,11034.135999999999,0.0,0.0,0.0,0.0,0.0,0.0
86,13,10.0,2.0,3.0,28543.9095,0.0,0.0,0.0,0.0,0.0,0.0
86,16,15.0,3.0,5.0,104063.035,0.0,0.0,0.0,0.0,0.0,0.0
86,17,9.0,1.0,2.0,14580.619,1.0,5.0,0.0,0.0,0.0,0.0
86,18,5.0,1.0,1.0,12639.042,0.0,0.0,0.0,0.0,0.0,0.0
86,2,10.0,2.0,4.0,48150.684,0.0,0.0,0.0,0.0,0.0,0.0
86,21,5.0,1.0,1.0,6163.2905,0.0,0.0,0.0,0.0,0.0,0.0
86,22,5.0,1.0,1.0,5800.437,0.0,0.0,0.0,0.0,0.0,0.0
86,25,5.0,1.0,2.0,8054.32,0.0,0.0,0.0,0.0,0.0,0.0
86,3,10.0,2.0,4.0,28166.472,0.0,0.0,0.0,0.0,0.0,0.0
86,33,5.0,1.0,2.0,31491.936,0.0,0.0,0.0,0.0,0.0,0.0
86,4,10.0,2.0,2.0,2210.112,0.0,0.0,0.0,0.0,0.0,0.0
86,48,5.0,1.0,3.0,35263.53,0.0,0.0,0.0,0.0,0.0,0.0
86,5,10.0,2.0,2.0,20870.22,0.0,0.0,0.0,0.0,0.0,0.0
86,6,5.0,1.0,2.0,13732.32,0.0,0.0,0.0,0.0,0.0,0.0
86,8,10.0,2.0,3.0,32220.359999999997,0.0,0.0,0.0,0.0,0.0,0.0
86,9,5.0,1.0,1.0,3137.096,0.0,0.0,0.0,0.0,0.0,0.0
87,1,10.0,2.0,2.0,15916.960000000001,0.0,0.0,0.0,0.0,0.0,0.0
87,10,5.0,1.0,4.0,59195.28,0.0,0.0,0.0,0.0,0.0,0.0
87,13,9.0,1.0,1.0,9514.6365,1.0,4.0,0.0,0.0,0.0,0.0
87,15,14.0,2.0,2.0,27046.3,1.0,3.0,0.0,0.0,0.0,0.0
87,16,5.0,1.0,1.0,20812.607,0.0,0.0,0.0,0.0,0.0,0.0
87,18,10.0,2.0,3.0,37917.126,0.0,0.0,0.0,0.0,0.0,0.0
87,2,19.0,3.0,6.0,72226.026,1.0,5.0,0.0,0.0,0.0,0.0
87,22,5.0,1.0,1.0,5800.437,0.0,0.0,0.0,0.0,0.0,0.0
87,23,14.0,2.0,2.0,36961.848,1.0,5.0,0.0,0.0,0.0,0.0
87,25,5.0,1.0,1.0,4027.16,0.0,0.0,0.0,0.0,0.0,0.0
87,27,5.0,1.0,1.0,2578.53,0.0,0.0,0.0,0.0,0.0,0.0
87,3,10.0,2.0,5.0,35208.09,0.0,0.0,0.0,0.0,0.0,0.0
87,33,9.0,1.0,2.0,31491.936,1.0,5.0,0.0,0.0,0.0,0.0
87,43,5.0,1.0,1.0,4659.5625,0.0,0.0,0.0,0.0,0.0,0.0
87,5,28.0,4.0,7.0,73045.77,2.0,4.5,0.0,0.0,0.0,0.0
87,6,5.0,1.0,1.0,6866.16,0.0,0.0,0.0,0.0,0.0,0.0
87,8,9.0,1.0,2.0,21480.239999999998,1.0,3.0,0.0,0.0,0.0,0.0
88,1,33.0,5.0,8.0,63667.840000000004,2.0,5.0,0.0,0.0,0.0,0.0
88,10,10.0,2.0,2.0,29597.64,0.0,0.0,0.0,0.0,0.0,0.0
88,11,9.0,1.0,2.0,22068.271999999997,1.0,3.0,0.0,0.0,0.0,0.0
88,12,19.0,3.0,3.0,4517.307,1.0,5.0,0.0,0.0,0.0,0.0
88,13,10.0,2.0,3.0,28543.9095,0.0,0.0,0.0,0.0,0.0,0.0
88,14,10.0,2.0,2.0,7044.765,0.0,0.0,0.0,0.0,0.0,0.0
88,15,10.0,2.0,3.0,40569.45,0.0,0.0,0.0,0.0,0.0,0.0
88,18,10.0,2.0,4.0,50556.168,0.0,0.0,0.0,0.0,0.0,0.0
88,19,5.0,1.0,1.0,14194.52,0.0,0.0,0.0,0.0,0.0,0.0
88,2,28.0,4.0,4.0,48150.684,2.0,4.5,0.0,0.0,0.0,0.0
88,25,5.0,1.0,2.0,8054.32,0.0,0.0,0.0,0.0,0.0,0.0
88,26,14.0,2.0,4.0,44888.0,1.0,5.0,0.0,0.0,0.0,0.0
88,27,5.0,1.0,3.0,7735.59,0.0,0.0,0.0,0.0,0.0,0.0
88,28,5.0,1.0,2.0,6823.905000000001,0.0,0.0,0.0,0.0,0.0,0.0
88,3,15.0,3.0,3.0,21124.854,0.0,0.0,0.0,0.0,0.0,0.0
88,32,5.0,1.0,1.0,21255.768,0.0,0.0,0.0,0.0,0.0,0.0
88,34,5.0,1.0,1.0,1047.204,0.0,0.0,0.0,0.0,0.0,0.0
88,38,5.0,1.0,4.0,24826.800000000003,0.0,0.0,0.0,0.0,0.0,0.0
88,4,15.0,3.0,3.0,3315.168,0.0,0.0,0.0,0.0,0.0,0.0
88,5,10.0,2.0,2.0,20870.22,0.0,0.0,0.0,0.0,0.0,0.0
88,6,15.0,3.0,4.0,27464.64,0.0,0.0,0.0,0.0,0.0,0.0
88,7,25.0,5.0,7.0,7371.4585,0.0,0.0,0.0,0.0,0.0,0.0
88,8,19.0,3.0,4.0,42960.479999999996,1.0,3.0,0.0,0.0,0.0,0.0
88,9,5.0,1.0,2.0,6274.192,0.0,0.0,0.0,0.0,0.0,0.0
89,1,5.0,1.0,1.0,7958.4800000000005,0.0,0.0,0.0,0.0,0.0,0.0
89,17,5.0,1.0,2.0,14580.619,0.0,0.0,0.0,0.0,0.0,0.0
89,21,5.0,1.0,1.0,6163.2905,0.0,0.0,0.0,0.0,0.0,0.0
89,24,5.0,1.0,1.0,28676.13,0.0,0.0,0.0,0.0,0.0,0.0
89,26,5.0,1.0,1.0,11222.0,0.0,0.0,0.0,0.0,0.0,0.0
89,28,5.0,1.0,3.0,10235.857500000002,0.0,0.0,0.0,0.0,0.0,0.0
89,4,5.0,1.0,2.0,2210.112,0.0,0.0,0.0,0.0,0.0,0.0
9,10,5.0,1.0,1.0,14798.82,0.0,0.0,0.0,0.0,0.0,0.0
90,1,5.0,1.0,1.0,7958.4800000000005,0.0,0.0,0.0,0.0,0.0,0.0
90,10,9.0,1.0,1.0,14798.82,1.0,4.0,0.0,0.0,0.0,0.0
90,14,5.0,1.0,1.0,3522.3825,0.0,0.0,0.0,0.0,0.0,0.0
90,16,5.0,1.0,1.0,20812.607,0.0,0.0,0.0,0.0,0.0,0.0
90,3,5.0,1.0,1.0,7041.618,0.0,0.0,0.0,0.0,0.0,0.0
90,33,5.0,1.0,1.0,15745.968,0.0,0.0,0.0,0.0,0.0,0.0
90,34,5.0,1.0,1.0,1047.204,0.0,0.0,0.0,0.0,0.0,0.0
90,35,5.0,1.0,1.0,2899.0865,0.0,0.0,0.0,0.0,0.0,0.0
90,4,5.0,1.0,1.0,1105.056,0.0,0.0,0.0,0.0,0.0,0.0
90,49,5.0,1.0,1.0,6371.023999999999,0.0,0.0,0.0,0.0,0.0,0.0
90,9,14.0,2.0,2.0,6274.192,1.0,4.0,0.0,0.0,0.0,0.0
91,1,5.0,1.0,1.0,7958.4800000000005,0.0,0.0,0.0,0.0,0.0,0.0
91,13,9.0,1.0,1.0,9514.6365,1.0,4.0,0.0,0.0,0.0,0.0
91,23,5.0,1.0,1.0,18480.924,0.0,0.0,0.0,0.0,0.0,0.0
91,46,5.0,1.0,1.0,7318.4675,0.0,0.0,0.0,0.0,0.0,0.0
91,8,5.0,1.0,1.0,10740.119999999999,0.0,0.0,0.0,0.0,0.0,0.0
92,1,5.0,1.0,1.0,7958.4800000000005,0.0,0.0,0.0,0.0,0.0,0.0
92,13,9.0,1.0,3.0,28543.9095,1.0,4.0,0.0,0.0,0.0,0.0
92,18,5.0,1.0,1.0,12639.042,0.0,0.0,0.0,0.0,0.0,0.0
92,19,5.0,1.0,2.0,28389.04,0.0,0.0,0.0,0.0,0.0,0.0
92,3,10.0,2.0,2.0,14083.236,0.0,0.0,0.0,0.0,0.0,0.0
92,36,5.0,1.0,1.0,4598.99,0.0,0.0,0.0,0.0,0.0,0.0
92,5,5.0,1.0,1.0,10435.11,0.0,0.0,0.0,0.0,0.0,0.0
92,6,5.0,1.0,1.0,6866.16,0.0,0.0,0.0,0.0,0.0,0.0
93,1,5.0,1.0,1.0,7958.4800000000005,0.0,0.0,0.0,0.0,0.0,0.0
93,10,5.0,1.0,1.0,14798.82,0.0,0.0,0.0,0.0,0.0,0.0
93,13,5.0,1.0,1.0,9514.6365,0.0,0.0,0.0,0.0,0.0,0.0
93,27,9.0,1.0,1.0,2578.53,1.0,4.0,0.0,0.0,0.0,0.0
93,3,10.0,2.0,2.0,14083.236,0.0,0.0,0.0,0.0,0.0,0.0
93,34,9.0,1.0,1.0,1047.204,1.0,5.0,0.0,0.0,0.0,0.0
93,41,5.0,1.0,1.0,12482.5135,0.0,0.0,0.0,0.0,0.0,0.0
93,48,5.0,1.0,4.0,47018.04,0.0,0.0,0.0,0.0,0.0,0.0
93,6,5.0,1.0,2.0,13732.32,0.0,0.0,0.0,0.0,0.0,0.0
93,7,14.0,2.0,2.0,2106.131,1.0,5.0,0.0,0.0,0.0,0.0
94,1,9.0,1.0,1.0,7958.4800000000005,1.0,4.0,0.0,0.0,0.0,0.0
94,9,5.0,1.0,1.0,3137.096,0.0,0.0,0.0,0.0,0.0,0.0
95,11,5.0,1.0,1.0,11034.135999999999,0.0,0.0,0.0,0.0,0.0,0.0
95,19,5.0,1.0,3.0,42583.56,0.0,0.0,0.0,0.0,0.0,0.0
96,10,5.0,1.0,1.0,14798.82,0.0,0.0,0.0,0.0,0.0,0.0
96,11,5.0,1.0,1.0,11034.135999999999,0.0,0.0,0.0,0.0,0.0,0.0
96,13,5.0,1.0,1.0,9514.6365,0.0,0.0,0.0,0.0,0.0,0.0
96,2,5.0,1.0,2.0,24075.342,0.0,0.0,0.0,0.0,0.0,0.0
96,24,14.0,2.0,4.0,114704.52,1.0,5.0,0.0,0.0,0.0,0.0
96,5,5.0,1.0,1.0,10435.11,0.0,0.0,0.0,0.0,0.0,0.0
96,50,5.0,1.0,2.0,38656.34,0.0,0.0,0.0,0.0,0.0,0.0
97,1,5.0,1.0,1.0,7958.4800000000005,0.0,0.0,0.0,0.0,0.0,0.0
97,3,5.0,1.0,1.0,7041.618,0.0,0.0,0.0,0.0,0.0,0.0
97,30,5.0,1.0,2.0,9795.312,0.0,0.0,0.0,0.0,0.0,0.0
97,4,5.0,1.0,1.0,1105.056,0.0,0.0,0.0,0.0,0.0,0.0
97,6,9.0,1.0,1.0,6866.16,1.0,3.0,0.0,0.0,0.0,0.0
97,7,14.0,2.0,3.0,3159.1965,1.0,4.0,0.0,0.0,0.0,0.0
98,13,5.0,1.0,1.0,9514.6365,0.0,0.0,0.0,0.0,0.0,0.0
98,15,5.0,1.0,1.0,13523.15,0.0,0.0,0.0,0.0,0.0,0.0
98,36,5.0,1.0,1.0,4598.99,0.0,0.0,0.0,0.0,0.0,0.0
98,47,5.0,1.0,1.0,20276.458,0.0,0.0,0.0,0.0,0.0,0.0
99,1,38.0,6.0,8.0,63667.840000000004,2.0,4.0,0.0,0.0,0.0,0.0
99,10,14.0,2.0,2.0,29597.64,1.0,4.0,0.0,0.0,0.0,0.0
99,11,15.0,3.0,3.0,33102.407999999996,0.0,0.0,0.0,0.0,0.0,0.0
99,12,5.0,1.0,1.0,1505.769,0.0,0.0,0.0,0.0,0.0,0.0
99,13,5.0,1.0,1.0,9514.6365,0.0,0.0,0.0,0.0,0.0,0.0
99,16,5.0,1.0,1.0,20812.607,0.0,0.0,0.0,0.0,0.0,0.0
99,17,10.0,2.0,4.0,29161.237999999998,0.0,0.0,0.0,0.0,0.0,0.0
99,19,5.0,1.0,1.0,14194.52,0.0,0.0,0.0,0.0,0.0,0.0
99,2,10.0,2.0,2.0,24075.342,0.0,0.0,0.0,0.0,0.0,0.0
99,20,9.0,1.0,1.0,2279.0,1.0,3.0,0.0,0.0,0.0,0.0
99,21,10.0,2.0,3.0,18489.8715,0.0,0.0,0.0,0.0,0.0,0.0
99,22,5.0,1.0,1.0,5800.437,0.0,0.0,0.0,0.0,0.0,0.0
99,26,5.0,1.0,1.0,11222.0,0.0,0.0,0.0,0.0,0.0,0.0
99,27,5.0,1.0,1.0,2578.53,0.0,0.0,0.0,0.0,0.0,0.0
99,3,5.0,1.0,1.0,7041.618,0.0,0.0,0.0,0.0,0.0,0.0
99,34,9.0,1.0,1.0,1047.204,1.0,4.0,0.0,0.0,0.0,0.0
99,4,18.0,2.0,3.0,3315.168,2.0,5.0,0.0,0.0,0.0,0.0
99,40,5.0,1.0,1.0,20588.295000000002,0.0,0.0,0.0,0.0,0.0,0.0
99,45,5.0,1.0,1.0,7798.797,0.0,0.0,0.0,0.0,0.0,0.0
99,47,5.0,1.0,1.0,20276.458,0.0,0.0,0.0,0.0,0.0,0.0
99,50,9.0,1.0,1.0,19328.17,1.0,4.0,0.0,0.0,0.0,0.0
99,6,10.0,2.0,2.0,13732.32,0.0,0.0,0.0,0.0,0.0,0.0
99,7,15.0,3.0,7.0,7371.4585,0.0,0.0,0.0,0.0,0.0,0.0
99,9,5.0,1.0,1.0,3137.096,0.0,0.0,0.0,0.0,0.0,0.0
