order_item_id,order_id,product_id,quantity,unit_price,line_total
1,1,20,2,2279.0,4558.0
2,2,11,3,11614.88,34844.64
3,2,6,2,6866.16,13732.32
4,3,3,1,7824.02,7824.02
5,3,4,3,1227.84,3683.52
6,4,4,2,1227.84,2455.68
7,4,28,1,4549.27,4549.27
8,4,8,1,14320.16,14320.16
9,5,5,1,10435.11,10435.11
10,5,18,1,14043.38,14043.38
11,5,47,1,21343.64,21343.64
12,5,3,1,7824.02,7824.02
13,6,21,1,7250.93,7250.93
14,6,6,2,6866.16,13732.32
15,7,27,3,2578.53,7735.59
16,7,9,1,3921.37,3921.37
17,8,30,1,5441.84,5441.84
18,9,3,1,7824.02,7824.02
19,10,6,1,6866.16,6866.16
20,11,9,1,3921.37,3921.37
21,11,12,1,1585.02,1585.02
22,12,8,1,14320.16,14320.16
23,12,16,1,24485.42,24485.42
24,13,10,1,14798.82,14798.82
25,14,8,1,14320.16,14320.16
26,14,12,1,1585.02,1585.02
27,14,14,1,4696.51,4696.51
28,15,2,3,13375.19,40125.57
29,15,23,1,20534.36,20534.36
30,16,21,2,7250.93,14501.86
31,16,6,1,6866.16,6866.16
32,17,45,1,8665.33,8665.33
33,17,1,1,9948.1,9948.1
34,17,9,4,3921.37,15685.48
35,17,12,1,1585.02,1585.02
36,18,27,1,2578.53,2578.53
37,18,6,3,6866.16,20598.48
38,19,3,3,7824.02,23472.06
39,19,1,1,9948.1,9948.1
40,20,2,3,13375.19,40125.57
41,20,9,1,3921.37,3921.37
42,21,5,1,10435.11,10435.11
43,21,11,1,11614.88,11614.88
44,21,28,3,4549.27,13647.81
45,21,9,1,3921.37,3921.37
46,21,29,1,10337.83,10337.83
47,22,8,1,14320.16,14320.16
48,23,4,1,1227.84,1227.84
49,23,17,1,7674.01,7674.01
50,23,5,2,10435.11,20870.22
51,24,7,1,1108.49,1108.49
52,24,28,1,4549.27,4549.27
53,25,7,1,1108.49,1108.49
54,25,1,2,9948.1,19896.2
55,25,11,1,11614.88,11614.88
56,25,3,2,7824.02,15648.04
57,26,14,1,4696.51,4696.51
58,26,19,1,14194.52,14194.52
59,26,48,1,11754.51,11754.51
60,26,6,1,6866.16,6866.16
61,27,1,1,9948.1,9948.1
62,27,35,1,3051.67,3051.67
63,28,5,1,10435.11,10435.11
64,29,5,1,10435.11,10435.11
65,30,8,1,14320.16,14320.16
66,30,7,1,1108.49,1108.49
67,31,4,2,1227.84,2455.68
68,32,35,2,3051.67,6103.34
69,32,11,2,11614.88,23229.76
70,32,12,2,1585.02,3170.04
71,32,6,1,6866.16,6866.16
72,32,22,2,6444.93,12889.86
73,33,6,4,6866.16,27464.64
74,33,36,2,4598.99,9197.98
75,33,2,1,13375.19,13375.19
76,34,1,2,9948.1,19896.2
77,34,22,1,6444.93,6444.93
78,35,2,1,13375.19,13375.19
79,35,5,1,10435.11,10435.11
80,35,9,1,3921.37,3921.37
81,36,9,1,3921.37,3921.37
82,36,30,2,5441.84,10883.68
83,37,7,1,1108.49,1108.49
84,37,11,1,11614.88,11614.88
85,38,3,1,7824.02,7824.02
86,38,7,1,1108.49,1108.49
87,39,5,3,10435.11,31305.33
88,39,42,2,20637.73,41275.46
89,39,23,1,20534.36,20534.36
90,40,3,1,7824.02,7824.02
91,40,25,1,5033.95,5033.95
92,41,2,1,13375.19,13375.19
93,41,13,2,11193.69,22387.38
94,41,19,1,14194.52,14194.52
95,41,1,1,9948.1,9948.1
96,42,17,1,7674.01,7674.01
97,43,31,2,12518.88,25037.76
98,43,4,1,1227.84,1227.84
99,43,6,1,6866.16,6866.16
100,43,14,1,4696.51,4696.51
101,44,10,3,14798.82,44396.46
102,44,29,3,10337.83,31013.49
103,44,35,1,3051.67,3051.67
104,44,2,1,13375.19,13375.19
105,44,3,1,7824.02,7824.02
106,45,4,1,1227.84,1227.84
107,45,32,2,23617.52,47235.04
108,46,1,1,9948.1,9948.1
109,47,16,3,24485.42,73456.26
110,47,2,2,13375.19,26750.38
111,48,3,1,7824.02,7824.02
112,48,6,1,6866.16,6866.16
113,48,7,1,1108.49,1108.49
114,48,12,1,1585.02,1585.02
115,49,4,1,1227.84,1227.84
116,49,5,1,10435.11,10435.11
117,50,12,1,1585.02,1585.02
118,50,22,1,6444.93,6444.93
119,51,12,1,1585.02,1585.02
120,51,33,4,17495.52,69982.08
121,51,23,1,20534.36,20534.36
122,51,1,1,9948.1,9948.1
123,51,9,1,3921.37,3921.37
124,52,21,1,7250.93,7250.93
125,53,29,2,10337.83,20675.66
126,53,15,2,13523.15,27046.3
127,53,21,1,7250.93,7250.93
128,54,4,1,1227.84,1227.84
129,54,28,1,4549.27,4549.27
130,55,7,2,1108.49,2216.98
131,56,2,2,13375.19,26750.38
132,57,4,2,1227.84,2455.68
133,57,6,1,6866.16,6866.16
134,57,43,1,6212.75,6212.75
135,58,1,2,9948.1,19896.2
136,59,1,2,9948.1,19896.2
137,60,21,1,7250.93,7250.93
138,60,10,1,14798.82,14798.82
139,60,9,1,3921.37,3921.37
140,60,6,2,6866.16,13732.32
141,61,2,1,13375.19,13375.19
142,61,8,2,14320.16,28640.32
143,61,4,1,1227.84,1227.84
144,61,7,3,1108.49,3325.47
145,61,6,1,6866.16,6866.16
146,62,8,1,14320.16,14320.16
147,63,46,1,7703.65,7703.65
148,64,13,1,11193.69,11193.69
149,65,8,1,14320.16,14320.16
150,65,26,1,11222.0,11222.0
151,66,29,1,10337.83,10337.83
152,66,7,1,1108.49,1108.49
153,66,13,1,11193.69,11193.69
154,67,6,2,6866.16,13732.32
155,67,19,2,14194.52,28389.04
156,67,2,1,13375.19,13375.19
157,68,1,2,9948.1,19896.2
158,69,12,1,1585.02,1585.02
159,70,11,2,11614.88,23229.76
160,70,47,1,21343.64,21343.64
161,70,3,1,7824.02,7824.02
162,71,17,1,7674.01,7674.01
163,71,18,1,14043.38,14043.38
164,71,5,1,10435.11,10435.11
165,71,9,1,3921.37,3921.37
166,72,5,1,10435.11,10435.11
167,72,7,2,1108.49,2216.98
168,73,3,2,7824.02,15648.04
169,73,18,1,14043.38,14043.38
170,74,1,1,9948.1,9948.1
171,75,47,1,21343.64,21343.64
172,75,1,1,9948.1,9948.1
173,75,21,2,7250.93,14501.86
174,76,1,4,9948.1,39792.4
175,76,14,1,4696.51,4696.51
176,77,3,1,7824.02,7824.02
177,78,23,2,20534.36,41068.72
178,78,21,2,7250.93,14501.86
179,79,13,1,11193.69,11193.69
180,80,36,3,4598.99,13796.97
181,80,17,1,7674.01,7674.01
182,81,11,1,11614.88,11614.88
183,81,2,1,13375.19,13375.19
184,82,36,1,4598.99,4598.99
185,83,22,1,6444.93,6444.93
186,84,19,2,14194.52,28389.04
187,84,2,2,13375.19,26750.38
188,84,18,2,14043.38,28086.76
189,84,15,1,13523.15,13523.15
190,85,18,1,14043.38,14043.38
191,85,40,1,27451.06,27451.06
192,86,21,1,7250.93,7250.93
193,86,50,1,19328.17,19328.17
194,87,10,1,14798.82,14798.82
195,87,13,1,11193.69,11193.69
196,88,14,2,4696.51,9393.02
197,88,16,1,24485.42,24485.42
198,89,15,1,13523.15,13523.15
199,89,12,1,1585.02,1585.02
200,89,14,1,4696.51,4696.51
201,90,17,2,7674.01,15348.02
202,90,2,2,13375.19,26750.38
203,90,14,1,4696.51,4696.51
204,90,4,1,1227.84,1227.84
205,91,9,2,3921.37,7842.74
206,91,28,1,4549.27,4549.27
207,92,1,1,9948.1,9948.1
208,92,3,1,7824.02,7824.02
209,93,11,2,11614.88,23229.76
210,93,5,1,10435.11,10435.11
211,93,2,2,13375.19,26750.38
212,93,7,2,1108.49,2216.98
213,94,14,3,4696.51,14089.53
214,95,1,2,9948.1,19896.2
215,95,35,1,3051.67,3051.67
216,96,4,1,1227.84,1227.84
217,96,25,1,5033.95,5033.95
218,97,39,1,15081.17,15081.17
219,97,26,3,11222.0,33666.0
220,97,5,3,10435.11,31305.33
221,98,16,1,24485.42,24485.42
222,98,10,1,14798.82,14798.82
223,99,5,2,10435.11,20870.22
224,100,4,1,1227.84,1227.84
225,101,3,1,7824.02,7824.02
226,102,15,1,13523.15,13523.15
227,102,33,3,17495.52,52486.56
228,103,26,1,11222.0,11222.0
229,103,15,3,13523.15,40569.45
230,103,16,1,24485.42,24485.42
231,103,18,2,14043.38,28086.76
232,104,1,1,9948.1,9948.1
233,104,11,1,11614.88,11614.88
234,105,5,1,10435.11,10435.11
235,105,12,3,1585.02,4755.06
236,106,6,1,6866.16,6866.16
237,107,11,3,11614.88,34844.64
238,107,16,1,24485.42,24485.42
239,108,1,1,9948.1,9948.1
240,108,5,1,10435.11,10435.11
241,108,10,1,14798.82,14798.82
242,109,11,1,11614.88,11614.88
243,109,14,1,4696.51,4696.51
244,109,8,1,14320.16,14320.16
245,110,1,1,9948.1,9948.1
246,110,13,1,11193.69,11193.69
247,110,21,2,7250.93,14501.86
248,110,26,1,11222.0,11222.0
249,110,12,3,1585.02,4755.06
250,111,26,1,11222.0,11222.0
251,112,1,1,9948.1,9948.1
252,113,3,1,7824.02,7824.02
253,113,10,2,14798.82,29597.64
254,114,16,1,24485.42,24485.42
255,114,3,1,7824.02,7824.02
256,114,6,3,6866.16,20598.48
257,114,34,3,1102.32,3306.96
258,115,17,2,7674.01,15348.02
259,115,10,1,14798.82,14798.82
260,116,15,1,13523.15,13523.15
261,117,7,1,1108.49,1108.49
262,117,31,2,12518.88,25037.76
263,117,25,1,5033.95,5033.95
264,118,4,2,1227.84,2455.68
265,118,28,3,4549.27,13647.81
266,119,40,1,27451.06,27451.06
267,119,4,1,1227.84,1227.84
268,119,36,1,4598.99,4598.99
269,119,13,1,11193.69,11193.69
270,120,2,1,13375.19,13375.19
271,121,15,1,13523.15,13523.15
272,121,12,2,1585.02,3170.04
273,121,9,1,3921.37,3921.37
274,121,10,2,14798.82,29597.64
275,122,13,2,11193.69,22387.38
276,122,28,2,4549.27,9098.54
277,122,6,2,6866.16,13732.32
278,123,27,2,2578.53,5157.06
279,123,48,2,11754.51,23509.02
280,123,9,1,3921.37,3921.37
281,124,8,2,14320.16,28640.32
282,124,13,1,11193.69,11193.69
283,124,2,1,13375.19,13375.19
284,124,4,1,1227.84,1227.84
285,125,24,1,28676.13,28676.13
286,125,31,1,12518.88,12518.88
287,126,15,1,13523.15,13523.15
288,126,9,1,3921.37,3921.37
289,127,11,2,11614.88,23229.76
290,127,10,2,14798.82,29597.64
291,128,24,1,28676.13,28676.13
292,128,28,1,4549.27,4549.27
293,129,20,1,2279.0,2279.0
294,130,5,1,10435.11,10435.11
295,130,11,2,11614.88,23229.76
296,130,38,4,8275.6,33102.4
297,131,3,2,7824.02,15648.04
298,131,25,1,5033.95,5033.95
299,131,1,1,9948.1,9948.1
300,131,8,1,14320.16,14320.16
301,132,19,1,14194.52,14194.52
302,132,10,1,14798.82,14798.82
303,132,31,1,12518.88,12518.88
304,133,5,4,10435.11,41740.44
305,133,3,1,7824.02,7824.02
306,133,28,1,4549.27,4549.27
307,133,4,1,1227.84,1227.84
308,133,13,2,11193.69,22387.38
309,134,8,2,14320.16,28640.32
310,134,3,2,7824.02,15648.04
311,135,8,2,14320.16,28640.32
312,136,6,1,6866.16,6866.16
313,137,5,1,10435.11,10435.11
314,137,10,1,14798.82,14798.82
315,138,13,1,11193.69,11193.69
316,138,2,2,13375.19,26750.38
317,138,27,1,2578.53,2578.53
318,139,4,1,1227.84,1227.84
319,139,11,2,11614.88,23229.76
320,139,1,2,9948.1,19896.2
321,140,30,2,5441.84,10883.68
322,141,18,3,14043.38,42130.14
323,141,17,1,7674.01,7674.01
324,141,12,1,1585.02,1585.02
325,141,16,1,24485.42,24485.42
326,142,9,1,3921.37,3921.37
327,142,17,2,7674.01,15348.02
328,142,27,2,2578.53,5157.06
329,142,48,1,11754.51,11754.51
330,143,7,1,1108.49,1108.49
331,143,16,1,24485.42,24485.42
332,143,11,1,11614.88,11614.88
333,144,16,1,24485.42,24485.42
334,145,18,1,14043.38,14043.38
335,146,36,2,4598.99,9197.98
336,146,8,1,14320.16,14320.16
337,147,47,1,21343.64,21343.64
338,147,27,1,2578.53,2578.53
339,147,13,1,11193.69,11193.69
340,148,50,1,19328.17,19328.17
341,148,11,1,11614.88,11614.88
342,148,1,1,9948.1,9948.1
343,149,20,1,2279.0,2279.0
344,149,4,1,1227.84,1227.84
345,150,18,1,14043.38,14043.38
346,150,1,1,9948.1,9948.1
347,150,13,3,11193.69,33581.07
348,150,6,1,6866.16,6866.16
349,151,1,2,9948.1,19896.2
350,151,40,1,27451.06,27451.06
351,151,45,1,8665.33,8665.33
352,152,20,1,2279.0,2279.0
353,152,4,2,1227.84,2455.68
354,152,10,1,14798.82,14798.82
355,153,16,1,24485.42,24485.42
356,153,5,1,10435.11,10435.11
357,154,9,1,3921.37,3921.37
358,154,5,1,10435.11,10435.11
359,154,4,1,1227.84,1227.84
360,155,8,1,14320.16,14320.16
361,155,9,2,3921.37,7842.74
362,155,26,3,11222.0,33666.0
363,156,9,1,3921.37,3921.37
364,156,21,1,7250.93,7250.93
365,156,10,1,14798.82,14798.82
366,157,9,1,3921.37,3921.37
367,158,13,1,11193.69,11193.69
368,158,36,1,4598.99,4598.99
369,159,1,1,9948.1,9948.1
370,159,5,1,10435.11,10435.11
371,160,8,1,14320.16,14320.16
372,161,3,1,7824.02,7824.02
373,162,7,1,1108.49,1108.49
374,162,12,1,1585.02,1585.02
375,163,2,1,13375.19,13375.19
376,163,3,4,7824.02,31296.08
377,163,45,1,8665.33,8665.33
378,163,16,3,24485.42,73456.26
379,164,15,1,13523.15,13523.15
380,165,36,4,4598.99,18395.96
381,165,3,1,7824.02,7824.02
382,166,42,3,20637.73,61913.19
383,166,1,1,9948.1,9948.1
384,167,3,1,7824.02,7824.02
385,167,12,1,1585.02,1585.02
386,167,17,1,7674.01,7674.01
387,168,1,1,9948.1,9948.1
388,168,19,1,14194.52,14194.52
389,168,50,1,19328.17,19328.17
390,169,14,1,4696.51,4696.51
391,170,7,1,1108.49,1108.49
392,170,18,1,14043.38,14043.38
393,171,30,1,5441.84,5441.84
394,171,17,1,7674.01,7674.01
395,172,5,1,10435.11,10435.11
396,173,4,1,1227.84,1227.84
397,173,25,2,5033.95,10067.9
398,173,3,3,7824.02,23472.06
399,173,6,2,6866.16,13732.32
400,173,9,1,3921.37,3921.37
401,174,3,1,7824.02,7824.02
402,174,34,1,1102.32,1102.32
403,174,11,1,11614.88,11614.88
404,175,34,2,1102.32,2204.64
405,176,2,1,13375.19,13375.19
406,176,14,1,4696.51,4696.51
407,176,5,1,10435.11,10435.11
408,176,12,1,1585.02,1585.02
409,176,6,1,6866.16,6866.16
410,177,36,1,4598.99,4598.99
411,178,16,1,24485.42,24485.42
412,178,19,1,14194.52,14194.52
413,178,30,1,5441.84,5441.84
414,179,2,1,13375.19,13375.19
415,179,5,1,10435.11,10435.11
416,180,15,2,13523.15,27046.3
417,181,6,1,6866.16,6866.16
418,181,12,1,1585.02,1585.02
419,181,13,1,11193.69,11193.69
420,182,2,1,13375.19,13375.19
421,182,26,2,11222.0,22444.0
422,182,14,1,4696.51,4696.51
423,182,5,1,10435.11,10435.11
424,182,20,1,2279.0,2279.0
425,183,6,1,6866.16,6866.16
426,183,31,1,12518.88,12518.88
427,183,21,2,7250.93,14501.86
428,184,2,2,13375.19,26750.38
429,184,6,1,6866.16,6866.16
430,184,5,1,10435.11,10435.11
431,184,8,1,14320.16,14320.16
432,185,5,2,10435.11,20870.22
433,186,8,1,14320.16,14320.16
434,186,23,1,20534.36,20534.36
435,187,46,2,7703.65,15407.3
436,188,1,1,9948.1,9948.1
437,188,4,1,1227.84,1227.84
438,189,22,1,6444.93,6444.93
439,189,9,1,3921.37,3921.37
440,189,21,3,7250.93,21752.79
441,189,44,1,4033.54,4033.54
442,190,2,1,13375.19,13375.19
443,190,16,1,24485.42,24485.42
444,190,23,1,20534.36,20534.36
445,190,15,1,13523.15,13523.15
446,191,14,1,4696.51,4696.51
447,192,30,1,5441.84,5441.84
448,193,8,2,14320.16,28640.32
449,193,4,1,1227.84,1227.84
450,194,41,2,14685.31,29370.62
451,195,29,1,10337.83,10337.83
452,195,33,1,17495.52,17495.52
453,195,7,1,1108.49,1108.49
454,196,2,1,13375.19,13375.19
455,197,21,1,7250.93,7250.93
456,197,6,1,6866.16,6866.16
457,197,4,3,1227.84,3683.52
458,198,34,1,1102.32,1102.32
459,198,27,1,2578.53,2578.53
460,198,41,1,14685.31,14685.31
461,198,10,1,14798.82,14798.82
462,199,39,1,15081.17,15081.17
463,200,21,1,7250.93,7250.93
464,200,16,1,24485.42,24485.42
465,200,17,3,7674.01,23022.03
466,200,7,1,1108.49,1108.49
467,201,19,1,14194.52,14194.52
468,202,15,1,13523.15,13523.15
469,202,3,1,7824.02,7824.02
470,203,3,1,7824.02,7824.02
471,204,10,1,14798.82,14798.82
472,204,4,1,1227.84,1227.84
473,205,18,3,14043.38,42130.14
474,206,32,1,23617.52,23617.52
475,206,2,2,13375.19,26750.38
476,207,27,1,2578.53,2578.53
477,207,1,1,9948.1,9948.1
478,207,22,1,6444.93,6444.93
479,208,2,2,13375.19,26750.38
480,208,26,1,11222.0,11222.0
481,208,16,1,24485.42,24485.42
482,208,20,1,2279.0,2279.0
483,208,19,1,14194.52,14194.52
484,209,4,1,1227.84,1227.84
485,210,1,3,9948.1,29844.3
486,211,45,1,8665.33,8665.33
487,211,41,2,14685.31,29370.62
488,212,18,1,14043.38,14043.38
489,212,2,1,13375.19,13375.19
490,213,46,2,7703.65,15407.3
491,213,17,4,7674.01,30696.04
492,214,1,1,9948.1,9948.1
493,214,29,1,10337.83,10337.83
494,214,7,3,1108.49,3325.47
495,215,11,1,11614.88,11614.88
496,216,2,2,13375.19,26750.38
497,217,3,1,7824.02,7824.02
498,217,6,1,6866.16,6866.16
499,217,4,1,1227.84,1227.84
500,217,1,1,9948.1,9948.1
501,218,2,3,13375.19,40125.57
502,218,3,2,7824.02,15648.04
503,219,34,1,1102.32,1102.32
504,219,16,1,24485.42,24485.42
505,219,35,1,3051.67,3051.67
506,219,9,1,3921.37,3921.37
507,220,18,1,14043.38,14043.38
508,220,23,1,20534.36,20534.36
509,221,7,1,1108.49,1108.49
510,221,1,1,9948.1,9948.1
511,221,5,2,10435.11,20870.22
512,222,18,1,14043.38,14043.38
513,222,3,1,7824.02,7824.02
514,222,24,1,28676.13,28676.13
515,223,9,1,3921.37,3921.37
516,223,2,1,13375.19,13375.19
517,224,3,3,7824.02,23472.06
518,225,7,1,1108.49,1108.49
519,226,13,1,11193.69,11193.69
520,226,34,1,1102.32,1102.32
521,226,6,2,6866.16,13732.32
522,226,2,2,13375.19,26750.38
523,227,43,1,6212.75,6212.75
524,227,13,1,11193.69,11193.69
525,228,24,1,28676.13,28676.13
526,229,13,1,11193.69,11193.69
527,229,1,1,9948.1,9948.1
528,230,10,1,14798.82,14798.82
529,231,4,2,1227.84,2455.68
530,232,3,2,7824.02,15648.04
531,232,40,2,27451.06,54902.12
532,232,14,2,4696.51,9393.02
533,232,16,1,24485.42,24485.42
534,233,6,1,6866.16,6866.16
535,233,2,1,13375.19,13375.19
536,234,2,1,13375.19,13375.19
537,235,15,1,13523.15,13523.15
538,235,9,1,3921.37,3921.37
539,236,19,1,14194.52,14194.52
540,236,13,1,11193.69,11193.69
541,237,21,1,7250.93,7250.93
542,237,11,1,11614.88,11614.88
543,237,10,4,14798.82,59195.28
544,237,1,2,9948.1,19896.2
545,237,38,1,8275.6,8275.6
546,238,1,1,9948.1,9948.1
547,239,36,3,4598.99,13796.97
548,240,15,1,13523.15,13523.15
549,240,6,2,6866.16,13732.32
550,241,2,1,13375.19,13375.19
551,242,9,2,3921.37,7842.74
552,243,14,2,4696.51,9393.02
553,243,27,1,2578.53,2578.53
554,243,8,1,14320.16,14320.16
555,244,5,1,10435.11,10435.11
556,244,1,2,9948.1,19896.2
557,244,7,1,1108.49,1108.49
558,244,10,1,14798.82,14798.82
559,245,25,1,5033.95,5033.95
560,245,3,1,7824.02,7824.02
561,246,23,1,20534.36,20534.36
562,246,14,1,4696.51,4696.51
563,246,22,1,6444.93,6444.93
564,247,7,1,1108.49,1108.49
565,248,13,1,11193.69,11193.69
566,248,10,1,14798.82,14798.82
567,249,7,1,1108.49,1108.49
568,249,14,1,4696.51,4696.51
569,250,18,1,14043.38,14043.38
570,250,16,1,24485.42,24485.42
571,251,1,1,9948.1,9948.1
572,251,28,1,4549.27,4549.27
573,251,3,3,7824.02,23472.06
574,251,11,1,11614.88,11614.88
575,252,6,1,6866.16,6866.16
576,252,29,1,10337.83,10337.83
577,252,35,1,3051.67,3051.67
578,252,13,3,11193.69,33581.07
579,253,5,1,10435.11,10435.11
580,253,3,3,7824.02,23472.06
581,254,20,3,2279.0,6837.0
582,255,2,1,13375.19,13375.19
583,256,2,1,13375.19,13375.19
584,256,26,3,11222.0,33666.0
585,257,24,1,28676.13,28676.13
586,257,11,1,11614.88,11614.88
587,257,5,1,10435.11,10435.11
588,257,2,1,13375.19,13375.19
589,258,5,1,10435.11,10435.11
590,259,1,1,9948.1,9948.1
591,259,27,1,2578.53,2578.53
592,259,28,1,4549.27,4549.27
593,260,12,1,1585.02,1585.02
594,261,35,1,3051.67,3051.67
595,261,25,1,5033.95,5033.95
596,261,13,1,11193.69,11193.69
597,261,46,1,7703.65,7703.65
598,262,1,1,9948.1,9948.1
599,262,14,1,4696.51,4696.51
600,263,7,2,1108.49,2216.98
601,264,17,1,7674.01,7674.01
602,264,21,2,7250.93,14501.86
603,265,13,2,11193.69,22387.38
604,265,1,3,9948.1,29844.3
605,265,48,3,11754.51,35263.53
606,266,23,1,20534.36,20534.36
607,267,1,2,9948.1,19896.2
608,267,6,1,6866.16,6866.16
609,267,21,1,7250.93,7250.93
610,268,42,1,20637.73,20637.73
611,268,9,1,3921.37,3921.37
612,269,13,2,11193.69,22387.38
613,269,9,3,3921.37,11764.11
614,270,13,1,11193.69,11193.69
615,270,9,1,3921.37,3921.37
616,270,18,2,14043.38,28086.76
617,270,26,1,11222.0,11222.0
618,271,4,1,1227.84,1227.84
619,271,11,2,11614.88,23229.76
620,271,14,1,4696.51,4696.51
621,272,25,2,5033.95,10067.9
622,273,8,1,14320.16,14320.16
623,273,28,1,4549.27,4549.27
624,273,9,1,3921.37,3921.37
625,274,13,1,11193.69,11193.69
626,274,11,1,11614.88,11614.88
627,274,24,3,28676.13,86028.39
628,275,47,2,21343.64,42687.28
629,275,43,1,6212.75,6212.75
630,275,34,1,1102.32,1102.32
631,276,22,2,6444.93,12889.86
632,276,12,1,1585.02,1585.02
633,277,11,1,11614.88,11614.88
634,277,9,1,3921.37,3921.37
635,278,10,1,14798.82,14798.82
636,278,1,2,9948.1,19896.2
637,278,12,2,1585.02,3170.04
638,279,14,1,4696.51,4696.51
639,280,31,2,12518.88,25037.76
640,280,12,1,1585.02,1585.02
641,281,10,1,14798.82,14798.82
642,281,50,2,19328.17,38656.34
643,282,13,2,11193.69,22387.38
644,282,7,1,1108.49,1108.49
645,282,11,3,11614.88,34844.64
646,282,6,1,6866.16,6866.16
647,283,19,3,14194.52,42583.56
648,283,11,1,11614.88,11614.88
649,284,24,2,28676.13,57352.26
650,284,28,1,4549.27,4549.27
651,284,10,1,14798.82,14798.82
652,284,26,1,11222.0,11222.0
653,284,6,1,6866.16,6866.16
654,285,25,2,5033.95,10067.9
655,285,5,1,10435.11,10435.11
656,286,23,3,20534.36,61603.08
657,286,8,2,14320.16,28640.32
658,286,19,1,14194.52,14194.52
659,287,22,2,6444.93,12889.86
660,287,6,1,6866.16,6866.16
661,288,2,2,13375.19,26750.38
662,288,1,2,9948.1,19896.2
663,288,50,3,19328.17,57984.51
664,289,6,1,6866.16,6866.16
665,289,3,1,7824.02,7824.02
666,290,1,1,9948.1,9948.1
667,290,3,1,7824.02,7824.02
668,290,5,1,10435.11,10435.11
669,290,4,1,1227.84,1227.84
670,291,14,1,4696.51,4696.51
671,291,18,3,14043.38,42130.14
672,291,7,1,1108.49,1108.49
673,291,3,1,7824.02,7824.02
674,292,26,1,11222.0,11222.0
675,292,17,2,7674.01,15348.02
676,293,16,3,24485.42,73456.26
677,293,4,1,1227.84,1227.84
678,293,2,1,13375.19,13375.19
679,294,1,1,9948.1,9948.1
680,294,25,2,5033.95,10067.9
681,295,5,2,10435.11,20870.22
682,295,1,1,9948.1,9948.1
683,296,21,1,7250.93,7250.93
684,297,5,1,10435.11,10435.11
685,297,28,1,4549.27,4549.27
686,298,4,1,1227.84,1227.84
687,298,6,1,6866.16,6866.16
688,299,30,1,5441.84,5441.84
689,299,1,3,9948.1,29844.3
690,300,17,1,7674.01,7674.01
691,300,5,1,10435.11,10435.11
692,300,9,1,3921.37,3921.37
693,300,4,1,1227.84,1227.84
694,301,6,2,6866.16,13732.32
695,301,7,2,1108.49,2216.98
696,302,13,1,11193.69,11193.69
697,302,5,2,10435.11,20870.22
698,303,9,1,3921.37,3921.37
699,304,2,1,13375.19,13375.19
700,305,15,1,13523.15,13523.15
701,305,8,1,14320.16,14320.16
702,305,1,2,9948.1,19896.2
703,305,14,1,4696.51,4696.51
704,306,1,1,9948.1,9948.1
705,307,30,1,5441.84,5441.84
706,307,5,1,10435.11,10435.11
707,308,3,1,7824.02,7824.02
708,309,9,2,3921.37,7842.74
709,309,20,4,2279.0,9116.0
710,309,29,2,10337.83,20675.66
711,310,26,3,11222.0,33666.0
712,310,20,1,2279.0,2279.0
713,310,24,1,28676.13,28676.13
714,311,27,2,2578.53,5157.06
715,311,9,2,3921.37,7842.74
716,312,5,1,10435.11,10435.11
717,312,19,1,14194.52,14194.52
718,312,21,1,7250.93,7250.93
719,312,37,3,9937.28,29811.84
720,312,33,1,17495.52,17495.52
721,313,23,1,20534.36,20534.36
722,313,9,2,3921.37,7842.74
723,313,4,1,1227.84,1227.84
724,314,19,1,14194.52,14194.52
725,315,6,1,6866.16,6866.16
726,315,4,2,1227.84,2455.68
727,315,2,1,13375.19,13375.19
728,315,11,1,11614.88,11614.88
729,316,5,3,10435.11,31305.33
730,317,47,1,21343.64,21343.64
731,318,5,1,10435.11,10435.11
732,319,11,1,11614.88,11614.88
733,319,7,3,1108.49,3325.47
734,319,17,3,7674.01,23022.03
735,320,25,2,5033.95,10067.9
736,320,23,1,20534.36,20534.36
737,320,11,2,11614.88,23229.76
738,321,2,3,13375.19,40125.57
739,321,26,3,11222.0,33666.0
740,321,36,1,4598.99,4598.99
741,321,4,1,1227.84,1227.84
742,321,12,1,1585.02,1585.02
743,322,6,1,6866.16,6866.16
744,323,13,1,11193.69,11193.69
745,324,22,1,6444.93,6444.93
746,324,9,1,3921.37,3921.37
747,325,6,1,6866.16,6866.16
748,326,3,1,7824.02,7824.02
749,327,36,1,4598.99,4598.99
750,327,24,1,28676.13,28676.13
751,328,1,1,9948.1,9948.1
752,328,9,1,3921.37,3921.37
753,329,18,2,14043.38,28086.76
754,330,15,2,13523.15,27046.3
755,330,12,1,1585.02,1585.02
756,330,1,1,9948.1,9948.1
757,331,36,1,4598.99,4598.99
758,331,15,1,13523.15,13523.15
759,332,10,1,14798.82,14798.82
760,332,6,1,6866.16,6866.16
761,333,23,1,20534.36,20534.36
762,334,16,1,24485.42,24485.42
763,334,14,2,4696.51,9393.02
764,334,41,2,14685.31,29370.62
765,335,6,1,6866.16,6866.16
766,336,7,1,1108.49,1108.49
767,337,4,1,1227.84,1227.84
768,337,24,2,28676.13,57352.26
769,338,10,1,14798.82,14798.82
770,339,7,1,1108.49,1108.49
771,339,39,1,15081.17,15081.17
772,339,6,1,6866.16,6866.16
773,340,7,1,1108.49,1108.49
774,340,4,1,1227.84,1227.84
775,341,9,2,3921.37,7842.74
776,341,1,1,9948.1,9948.1
777,341,39,3,15081.17,45243.51
778,341,20,1,2279.0,2279.0
779,341,34,4,1102.32,4409.28
780,342,36,1,4598.99,4598.99
781,342,5,1,10435.11,10435.11
782,342,3,1,7824.02,7824.02
783,343,15,1,13523.15,13523.15
784,343,6,1,6866.16,6866.16
785,343,8,2,14320.16,28640.32
786,343,3,2,7824.02,15648.04
787,344,8,2,14320.16,28640.32
788,344,17,2,7674.01,15348.02
789,345,25,1,5033.95,5033.95
790,345,11,2,11614.88,23229.76
791,346,8,1,14320.16,14320.16
792,346,6,1,6866.16,6866.16
793,347,9,1,3921.37,3921.37
794,347,4,3,1227.84,3683.52
795,347,29,1,10337.83,10337.83
796,348,12,1,1585.02,1585.02
797,348,26,3,11222.0,33666.0
798,349,14,1,4696.51,4696.51
799,349,11,1,11614.88,11614.88
800,350,7,1,1108.49,1108.49
801,351,2,1,13375.19,13375.19
802,351,5,1,10435.11,10435.11
803,352,30,1,5441.84,5441.84
804,353,30,1,5441.84,5441.84
805,354,40,2,27451.06,54902.12
806,354,38,1,8275.6,8275.6
807,355,47,1,21343.64,21343.64
808,355,38,1,8275.6,8275.6
809,356,3,1,7824.02,7824.02
810,356,18,1,14043.38,14043.38
811,357,11,1,11614.88,11614.88
812,358,3,1,7824.02,7824.02
813,358,39,1,15081.17,15081.17
814,359,2,1,13375.19,13375.19
815,360,3,1,7824.02,7824.02
816,361,2,1,13375.19,13375.19
817,361,9,1,3921.37,3921.37
818,362,2,1,13375.19,13375.19
819,362,4,4,1227.84,4911.36
820,363,45,1,8665.33,8665.33
821,363,9,1,3921.37,3921.37
822,363,2,1,13375.19,13375.19
823,363,6,1,6866.16,6866.16
824,363,5,1,10435.11,10435.11
825,364,7,1,1108.49,1108.49
826,364,27,1,2578.53,2578.53
827,364,5,1,10435.11,10435.11
828,365,3,1,7824.02,7824.02
829,366,3,3,7824.02,23472.06
830,367,13,1,11193.69,11193.69
831,368,10,1,14798.82,14798.82
832,369,4,2,1227.84,2455.68
833,369,6,3,6866.16,20598.48
834,369,33,1,17495.52,17495.52
835,370,10,1,14798.82,14798.82
836,370,33,1,17495.52,17495.52
837,370,11,1,11614.88,11614.88
838,371,8,1,14320.16,14320.16
839,372,8,2,14320.16,28640.32
840,372,25,1,5033.95,5033.95
841,372,9,3,3921.37,11764.11
842,373,5,1,10435.11,10435.11
843,373,6,2,6866.16,13732.32
844,374,17,2,7674.01,15348.02
845,374,12,1,1585.02,1585.02
846,374,9,3,3921.37,11764.11
847,374,26,1,11222.0,11222.0
848,375,42,1,20637.73,20637.73
849,375,18,1,14043.38,14043.38
850,375,3,2,7824.02,15648.04
851,376,18,3,14043.38,42130.14
852,377,8,1,14320.16,14320.16
853,378,3,1,7824.02,7824.02
854,378,1,1,9948.1,9948.1
855,379,3,1,7824.02,7824.02
856,379,10,1,14798.82,14798.82
857,380,6,1,6866.16,6866.16
858,380,12,1,1585.02,1585.02
859,380,35,1,3051.67,3051.67
860,381,2,2,13375.19,26750.38
861,382,4,1,1227.84,1227.84
862,382,6,1,6866.16,6866.16
863,382,15,3,13523.15,40569.45
864,383,16,1,24485.42,24485.42
865,384,33,2,17495.52,34991.04
866,384,2,2,13375.19,26750.38
867,385,11,1,11614.88,11614.88
868,385,6,2,6866.16,13732.32
869,385,26,1,11222.0,11222.0
870,385,22,1,6444.93,6444.93
871,386,6,2,6866.16,13732.32
872,386,10,1,14798.82,14798.82
873,386,39,4,15081.17,60324.68
874,386,24,1,28676.13,28676.13
875,387,10,3,14798.82,44396.46
876,387,24,2,28676.13,57352.26
877,388,9,1,3921.37,3921.37
878,388,11,1,11614.88,11614.88
879,389,28,2,4549.27,9098.54
880,389,19,1,14194.52,14194.52
881,390,1,1,9948.1,9948.1
882,390,8,1,14320.16,14320.16
883,391,18,1,14043.38,14043.38
884,392,5,1,10435.11,10435.11
885,392,12,1,1585.02,1585.02
886,393,1,1,9948.1,9948.1
887,393,33,1,17495.52,17495.52
888,394,12,1,1585.02,1585.02
889,395,8,1,14320.16,14320.16
890,395,16,1,24485.42,24485.42
891,395,5,1,10435.11,10435.11
892,395,1,3,9948.1,29844.3
893,396,49,1,7963.78,7963.78
894,396,6,1,6866.16,6866.16
895,396,23,4,20534.36,82137.44
896,397,32,1,23617.52,23617.52
897,397,19,1,14194.52,14194.52
898,398,34,1,1102.32,1102.32
899,398,24,1,28676.13,28676.13
900,399,11,1,11614.88,11614.88
901,400,13,1,11193.69,11193.69
902,400,26,1,11222.0,11222.0
903,400,5,2,10435.11,20870.22
904,401,2,1,13375.19,13375.19
905,402,2,2,13375.19,26750.38
906,402,15,1,13523.15,13523.15
907,402,20,1,2279.0,2279.0
908,403,4,1,1227.84,1227.84
909,403,18,1,14043.38,14043.38
910,404,13,1,11193.69,11193.69
911,405,2,1,13375.19,13375.19
912,405,44,1,4033.54,4033.54
913,405,18,1,14043.38,14043.38
914,406,4,2,1227.84,2455.68
915,407,3,1,7824.02,7824.02
916,407,13,3,11193.69,33581.07
917,408,20,2,2279.0,4558.0
918,409,3,1,7824.02,7824.02
919,410,12,1,1585.02,1585.02
920,410,16,1,24485.42,24485.42
921,410,23,2,20534.36,41068.72
922,410,26,1,11222.0,11222.0
923,411,1,1,9948.1,9948.1
924,411,4,1,1227.84,1227.84
925,411,24,1,28676.13,28676.13
926,412,27,1,2578.53,2578.53
927,412,2,1,13375.19,13375.19
928,413,5,2,10435.11,20870.22
929,413,40,1,27451.06,27451.06
930,413,31,1,12518.88,12518.88
931,413,6,1,6866.16,6866.16
932,414,23,1,20534.36,20534.36
933,414,21,2,7250.93,14501.86
934,414,50,2,19328.17,38656.34
935,415,1,1,9948.1,9948.1
936,416,6,1,6866.16,6866.16
937,416,18,1,14043.38,14043.38
938,416,1,1,9948.1,9948.1
939,417,3,1,7824.02,7824.02
940,417,33,1,17495.52,17495.52
941,417,4,1,1227.84,1227.84
942,417,49,1,7963.78,7963.78
943,418,24,1,28676.13,28676.13
944,418,8,1,14320.16,14320.16
945,419,18,2,14043.38,28086.76
946,419,10,4,14798.82,59195.28
947,420,1,1,9948.1,9948.1
948,420,3,1,7824.02,7824.02
949,421,15,2,13523.15,27046.3
950,421,12,1,1585.02,1585.02
951,421,24,1,28676.13,28676.13
952,421,5,3,10435.11,31305.33
953,422,28,1,4549.27,4549.27
954,422,8,1,14320.16,14320.16
955,422,25,1,5033.95,5033.95
956,423,12,1,1585.02,1585.02
957,424,27,3,2578.53,7735.59
958,424,34,1,1102.32,1102.32
959,424,2,1,13375.19,13375.19
960,425,2,2,13375.19,26750.38
961,425,1,1,9948.1,9948.1
962,425,13,1,11193.69,11193.69
963,426,5,3,10435.11,31305.33
964,426,20,2,2279.0,4558.0
965,427,11,1,11614.88,11614.88
966,427,26,1,11222.0,11222.0
967,427,4,2,1227.84,2455.68
968,427,2,1,13375.19,13375.19
969,428,6,1,6866.16,6866.16
970,428,11,1,11614.88,11614.88
971,428,20,3,2279.0,6837.0
972,428,5,2,10435.11,20870.22
973,429,10,1,14798.82,14798.82
974,430,9,1,3921.37,3921.37
975,431,11,1,11614.88,11614.88
976,432,3,1,7824.02,7824.02
977,432,19,2,14194.52,28389.04
978,433,12,1,1585.02,1585.02
979,434,10,2,14798.82,29597.64
980,435,6,1,6866.16,6866.16
981,435,3,2,7824.02,15648.04
982,435,19,1,14194.52,14194.52
983,435,14,1,4696.51,4696.51
984,436,9,2,3921.37,7842.74
985,436,4,1,1227.84,1227.84
986,437,24,1,28676.13,28676.13
987,437,21,1,7250.93,7250.93
988,437,1,1,9948.1,9948.1
989,438,8,2,14320.16,28640.32
990,438,29,1,10337.83,10337.83
991,438,3,1,7824.02,7824.02
992,438,1,2,9948.1,19896.2
993,439,1,1,9948.1,9948.1
994,439,12,1,1585.02,1585.02
995,440,4,1,1227.84,1227.84
996,440,14,1,4696.51,4696.51
997,441,5,1,10435.11,10435.11
998,442,32,1,23617.52,23617.52
999,442,26,1,11222.0,11222.0
1000,443,26,1,11222.0,11222.0
1001,443,5,1,10435.11,10435.11
1002,444,6,2,6866.16,13732.32
1003,445,2,1,13375.19,13375.19
1004,445,10,1,14798.82,14798.82
1005,445,8,2,14320.16,28640.32
1006,445,11,3,11614.88,34844.64
1007,446,16,1,24485.42,24485.42
1008,446,12,1,1585.02,1585.02
1009,447,1,1,9948.1,9948.1
1010,447,25,1,5033.95,5033.95
1011,448,42,1,20637.73,20637.73
1012,448,3,1,7824.02,7824.02
1013,449,48,3,11754.51,35263.53
1014,449,5,1,10435.11,10435.11
1015,450,1,1,9948.1,9948.1
1016,450,11,1,11614.88,11614.88
1017,451,26,3,11222.0,33666.0
1018,452,15,1,13523.15,13523.15
1019,452,23,2,20534.36,41068.72
1020,453,22,1,6444.93,6444.93
1021,454,12,1,1585.02,1585.02
1022,455,49,1,7963.78,7963.78
1023,455,2,1,13375.19,13375.19
1024,455,5,1,10435.11,10435.11
1025,456,22,1,6444.93,6444.93
1026,456,1,1,9948.1,9948.1
1027,456,10,1,14798.82,14798.82
1028,457,9,2,3921.37,7842.74
1029,457,4,1,1227.84,1227.84
1030,458,11,1,11614.88,11614.88
1031,458,30,1,5441.84,5441.84
1032,459,9,2,3921.37,7842.74
1033,459,6,1,6866.16,6866.16
1034,460,9,2,3921.37,7842.74
1035,461,20,1,2279.0,2279.0
1036,461,13,1,11193.69,11193.69
1037,461,19,1,14194.52,14194.52
1038,462,6,1,6866.16,6866.16
1039,462,16,1,24485.42,24485.42
1040,462,10,1,14798.82,14798.82
1041,463,3,1,7824.02,7824.02
1042,463,7,1,1108.49,1108.49
1043,463,1,1,9948.1,9948.1
1044,463,48,4,11754.51,47018.04
1045,464,19,1,14194.52,14194.52
1046,465,17,1,7674.01,7674.01
1047,466,5,2,10435.11,20870.22
1048,466,20,1,2279.0,2279.0
1049,466,22,2,6444.93,12889.86
1050,467,5,1,10435.11,10435.11
1051,467,25,1,5033.95,5033.95
1052,467,3,1,7824.02,7824.02
1053,467,16,1,24485.42,24485.42
1054,467,22,2,6444.93,12889.86
1055,468,7,2,1108.49,2216.98
1056,469,25,1,5033.95,5033.95
1057,470,2,2,13375.19,26750.38
1058,470,17,2,7674.01,15348.02
1059,471,17,2,7674.01,15348.02
1060,471,22,1,6444.93,6444.93
1061,471,11,1,11614.88,11614.88
1062,471,33,2,17495.52,34991.04
1063,471,16,1,24485.42,24485.42
1064,472,44,1,4033.54,4033.54
1065,473,7,1,1108.49,1108.49
1066,474,35,1,3051.67,3051.67
1067,474,46,1,7703.65,7703.65
1068,475,28,1,4549.27,4549.27
1069,475,4,3,1227.84,3683.52
1070,476,6,1,6866.16,6866.16
1071,476,17,1,7674.01,7674.01
1072,476,10,1,14798.82,14798.82
1073,476,5,1,10435.11,10435.11
1074,477,37,1,9937.28,9937.28
1075,478,2,1,13375.19,13375.19
1076,478,15,1,13523.15,13523.15
1077,478,27,1,2578.53,2578.53
1078,478,7,1,1108.49,1108.49
1079,479,5,1,10435.11,10435.11
1080,479,16,1,24485.42,24485.42
1081,480,3,1,7824.02,7824.02
1082,480,4,1,1227.84,1227.84
1083,480,1,1,9948.1,9948.1
1084,481,34,2,1102.32,2204.64
1085,481,4,1,1227.84,1227.84
1086,481,6,1,6866.16,6866.16
1087,481,10,1,14798.82,14798.82
1088,481,27,2,2578.53,5157.06
1089,482,2,3,13375.19,40125.57
1090,482,13,1,11193.69,11193.69
1091,482,3,1,7824.02,7824.02
1092,482,18,1,14043.38,14043.38
1093,483,24,2,28676.13,57352.26
1094,483,7,1,1108.49,1108.49
1095,484,6,1,6866.16,6866.16
1096,485,16,1,24485.42,24485.42
1097,486,3,1,7824.02,7824.02
1098,487,38,4,8275.6,33102.4
1099,487,1,1,9948.1,9948.1
1100,487,21,1,7250.93,7250.93
1101,487,20,1,2279.0,2279.0
1102,488,20,2,2279.0,4558.0
1103,488,10,2,14798.82,29597.64
1104,488,5,1,10435.11,10435.11
1105,489,8,2,14320.16,28640.32
1106,489,10,3,14798.82,44396.46
1107,489,12,1,1585.02,1585.02
1108,490,8,1,14320.16,14320.16
1109,490,3,1,7824.02,7824.02
1110,491,3,2,7824.02,15648.04
1111,491,7,1,1108.49,1108.49
1112,492,32,1,23617.52,23617.52
1113,492,13,1,11193.69,11193.69
1114,493,11,1,11614.88,11614.88
1115,493,3,1,7824.02,7824.02
1116,494,15,1,13523.15,13523.15
1117,495,24,1,28676.13,28676.13
1118,495,5,1,10435.11,10435.11
1119,496,34,1,1102.32,1102.32
1120,496,7,3,1108.49,3325.47
1121,497,17,1,7674.01,7674.01
1122,497,1,1,9948.1,9948.1
1123,497,3,1,7824.02,7824.02
1124,498,6,1,6866.16,6866.16
1125,498,2,1,13375.19,13375.19
1126,498,1,2,9948.1,19896.2
1127,499,4,1,1227.84,1227.84
1128,500,10,1,14798.82,14798.82
1129,500,35,1,3051.67,3051.67
