order_id,user_id,order_date,order_status,payment_method,total_amount
1,72,2025-11-27,delivered,cash_on_delivery,4558.0
2,16,2024-03-23,delivered,debit_card,48576.96
3,45,2025-12-20,delivered,credit_card,11507.54
4,28,2026-03-15,delivered,debit_card,21325.11
5,62,2024-05-07,delivered,debit_card,53646.15
6,40,2025-02-26,delivered,debit_card,20983.25
7,29,2024-04-30,delivered,debit_card,11656.96
8,45,2025-07-06,delivered,debit_card,5441.84
9,56,2026-06-22,shipped,paypal,7824.02
10,68,2024-03-19,delivered,bank_transfer,6866.16
11,53,2025-01-22,delivered,paypal,5506.39
12,35,2026-08-05,delivered,paypal,38805.58
13,90,2024-10-20,cancelled,debit_card,14798.82
14,49,2024-05-08,shipped,credit_card,20601.69
15,87,2025-04-20,delivered,credit_card,60659.93
16,8,2025-05-10,processing,credit_card,21368.02
17,28,2025-10-07,delivered,credit_card,35883.93
18,29,2024-11-01,shipped,credit_card,23177.01
19,87,2026-07-19,processing,debit_card,33420.16
20,17,2025-05-22,delivered,credit_card,44046.94
21,35,2024-10-05,cancelled,cash_on_delivery,49957.0
22,82,2026-07-24,delivered,paypal,14320.16
23,73,2026-06-19,delivered,paypal,29772.07
24,2,2025-05-01,delivered,debit_card,5657.76
25,17,2024-01-25,delivered,bank_transfer,48267.61
26,100,2025-08-04,delivered,bank_transfer,37511.7
27,100,2025-06-24,delivered,debit_card,12999.77
28,39,2024-05-24,delivered,paypal,10435.11
29,42,2025-09-09,delivered,credit_card,10435.11
30,18,2026-03-29,cancelled,credit_card,15428.65
31,23,2024-04-13,delivered,debit_card,2455.68
32,59,2025-12-05,delivered,credit_card,52259.16
33,24,2024-05-16,processing,paypal,50037.81
34,68,2025-12-30,delivered,paypal,26341.13
35,6,2025-02-12,delivered,debit_card,27731.67
36,32,2024-01-07,processing,debit_card,14805.05
37,82,2026-07-30,processing,debit_card,12723.37
38,93,2024-06-10,delivered,bank_transfer,8932.51
39,32,2025-08-03,delivered,debit_card,93115.15
40,13,2024-06-25,delivered,cash_on_delivery,12857.97
41,65,2026-06-27,delivered,credit_card,59905.19
42,19,2025-12-20,delivered,cash_on_delivery,7674.01
43,44,2026-02-22,delivered,debit_card,37828.27
44,2,2025-02-24,delivered,paypal,99660.83
45,65,2025-03-31,returned,paypal,48462.88
46,46,2025-09-09,shipped,cash_on_delivery,9948.1
47,75,2026-02-03,returned,bank_transfer,100206.64
48,88,2026-04-04,delivered,paypal,17383.69
49,43,2024-01-18,delivered,paypal,11662.95
50,99,2025-10-08,returned,credit_card,8029.95
51,77,2024-04-16,shipped,debit_card,105970.93
52,14,2024-10-07,delivered,paypal,7250.93
53,46,2026-03-18,returned,debit_card,54972.89
54,100,2024-08-31,delivered,bank_transfer,5777.11
55,10,2026-02-15,delivered,bank_transfer,2216.98
56,96,2025-03-26,processing,credit_card,26750.38
57,37,2024-08-14,delivered,credit_card,15534.59
58,68,2024-11-21,shipped,paypal,19896.2
59,88,2025-05-31,shipped,bank_transfer,19896.2
60,5,2026-01-15,delivered,paypal,39703.44
61,88,2025-08-13,delivered,debit_card,53434.98
62,69,2026-06-27,delivered,debit_card,14320.16
63,91,2026-04-25,delivered,credit_card,7703.65
64,88,2026-01-03,delivered,bank_transfer,11193.69
65,29,2025-08-10,delivered,debit_card,25542.16
66,28,2024-10-09,processing,credit_card,22640.01
67,10,2025-02-05,delivered,paypal,55496.55
68,86,2024-04-25,returned,credit_card,19896.2
69,40,2024-12-30,delivered,debit_card,1585.02
70,100,2026-06-21,shipped,debit_card,52397.42
71,39,2025-02-18,cancelled,debit_card,36073.87
72,14,2024-04-20,delivered,credit_card,12652.09
73,21,2025-09-26,delivered,debit_card,29691.42
74,66,2026-07-26,delivered,debit_card,9948.1
75,99,2026-04-24,shipped,debit_card,45793.6
76,28,2024-09-23,processing,credit_card,44488.91
77,30,2025-03-18,cancelled,debit_card,7824.02
78,78,2025-06-01,delivered,paypal,55570.58
79,29,2024-08-29,delivered,credit_card,11193.69
80,17,2024-09-18,processing,credit_card,21470.98
81,55,2024-08-18,shipped,bank_transfer,24990.07
82,43,2026-08-26,delivered,cash_on_delivery,4598.99
83,68,2025-12-27,processing,cash_on_delivery,6444.93
84,85,2026-03-29,delivered,debit_card,96749.33
85,12,2026-03-06,delivered,cash_on_delivery,41494.44
86,48,2026-07-23,delivered,credit_card,26579.1
87,99,2024-04-12,delivered,credit_card,25992.51
88,24,2026-05-08,delivered,debit_card,33878.44
89,48,2024-03-05,delivered,credit_card,19804.68
90,14,2025-04-08,delivered,credit_card,48022.75
91,72,2025-08-01,delivered,credit_card,12392.01
92,40,2024-12-14,delivered,credit_card,17772.12
93,14,2024-05-22,processing,credit_card,62632.23
94,47,2024-07-06,delivered,credit_card,14089.53
95,42,2026-03-14,shipped,bank_transfer,22947.87
96,26,2024-11-06,delivered,credit_card,6261.79
97,46,2024-10-29,shipped,credit_card,80052.5
98,30,2026-06-18,cancelled,credit_card,39284.24
99,45,2024-05-20,shipped,credit_card,20870.22
100,4,2026-06-10,delivered,cash_on_delivery,1227.84
101,2,2026-06-16,delivered,credit_card,7824.02
102,14,2025-08-05,delivered,credit_card,66009.71
103,56,2024-06-10,delivered,bank_transfer,104363.63
104,1,2024-05-31,processing,debit_card,21562.98
105,17,2024-10-04,shipped,bank_transfer,15190.17
106,25,2025-07-16,cancelled,debit_card,6866.16
107,61,2024-05-29,returned,debit_card,59330.06
108,86,2025-03-19,delivered,bank_transfer,35182.03
109,61,2024-04-22,delivered,debit_card,30631.55
110,29,2025-06-10,delivered,credit_card,51620.71
111,33,2024-01-21,delivered,credit_card,11222.0
112,76,2025-11-21,shipped,paypal,9948.1
113,29,2024-02-23,processing,debit_card,37421.66
114,14,2024-07-08,delivered,paypal,56214.88
115,17,2024-06-19,delivered,cash_on_delivery,30146.84
116,1,2026-03-20,delivered,cash_on_delivery,13523.15
117,58,2024-02-21,delivered,cash_on_delivery,31180.2
118,89,2025-02-22,delivered,paypal,16103.49
119,28,2025-07-29,delivered,debit_card,44471.58
120,28,2025-05-17,delivered,bank_transfer,13375.19
121,2,2025-10-25,delivered,credit_card,50212.2
122,88,2026-02-21,delivered,debit_card,45218.24
123,54,2025-01-18,delivered,paypal,32587.45
124,76,2026-03-17,delivered,paypal,54437.04
125,100,2024-11-05,delivered,debit_card,41195.01
126,2,2026-08-16,shipped,debit_card,17444.52
127,40,2025-05-06,delivered,cash_on_delivery,52827.4
128,40,2025-12-17,shipped,credit_card,33225.4
129,99,2026-05-02,delivered,credit_card,2279.0
130,88,2026-02-11,cancelled,credit_card,66767.27
131,45,2026-04-09,shipped,bank_transfer,44950.25
132,37,2025-06-06,delivered,paypal,41512.22
133,77,2024-02-12,shipped,debit_card,77728.95
134,13,2025-04-25,cancelled,bank_transfer,44288.36
135,86,2024-06-25,delivered,credit_card,28640.32
136,78,2026-05-15,delivered,cash_on_delivery,6866.16
137,37,2024-08-18,shipped,cash_on_delivery,25233.93
138,40,2024-08-10,delivered,debit_card,40522.6
139,58,2024-08-30,delivered,debit_card,44353.8
140,97,2025-09-17,delivered,credit_card,10883.68
141,37,2025-07-10,delivered,credit_card,75874.59
142,17,2026-07-13,shipped,credit_card,36180.96
143,99,2025-02-09,delivered,credit_card,37208.79
144,80,2024-10-01,processing,credit_card,24485.42
145,21,2024-02-17,delivered,debit_card,14043.38
146,45,2024-01-07,delivered,credit_card,23518.14
147,46,2024-12-29,cancelled,paypal,35115.86
148,46,2026-06-20,delivered,credit_card,40891.15
149,28,2025-05-25,shipped,bank_transfer,3506.84
150,92,2026-05-20,returned,cash_on_delivery,64438.71
151,99,2024-04-09,delivered,credit_card,56012.59
152,29,2024-03-31,delivered,credit_card,19533.5
153,87,2026-03-22,delivered,debit_card,34920.53
154,17,2024-04-13,delivered,credit_card,15584.32
155,88,2024-02-20,delivered,paypal,55828.9
156,28,2025-01-28,delivered,debit_card,25971.12
157,81,2026-06-19,shipped,credit_card,3921.37
158,98,2025-11-02,delivered,cash_on_delivery,15792.68
159,12,2024-04-06,delivered,bank_transfer,20383.21
160,18,2026-03-26,delivered,debit_card,14320.16
161,24,2026-04-01,shipped,bank_transfer,7824.02
162,88,2026-02-18,delivered,debit_card,2693.51
163,25,2026-05-29,delivered,credit_card,126792.86
164,98,2024-08-21,processing,paypal,13523.15
165,49,2026-08-12,delivered,debit_card,26219.98
166,51,2024-11-08,delivered,credit_card,71861.29
167,14,2026-02-20,cancelled,debit_card,17083.05
168,99,2025-07-18,delivered,debit_card,43470.79
169,22,2026-01-29,delivered,credit_card,4696.51
170,14,2025-09-03,cancelled,credit_card,15151.87
171,62,2025-09-17,delivered,debit_card,13115.85
172,51,2025-08-23,delivered,cash_on_delivery,10435.11
173,86,2026-01-28,shipped,debit_card,52421.49
174,17,2025-12-20,cancelled,debit_card,20541.22
175,5,2024-05-11,delivered,bank_transfer,2204.64
176,64,2026-03-15,shipped,bank_transfer,36957.99
177,22,2025-06-06,cancelled,debit_card,4598.99
178,66,2024-11-10,delivered,cash_on_delivery,44121.78
179,28,2025-05-15,delivered,debit_card,23810.3
180,14,2026-07-30,delivered,paypal,27046.3
181,39,2026-04-15,cancelled,credit_card,19644.87
182,76,2026-03-23,delivered,paypal,53229.81
183,60,2025-03-26,delivered,cash_on_delivery,33886.9
184,32,2026-02-02,delivered,paypal,58371.81
185,87,2025-01-10,delivered,debit_card,20870.22
186,91,2025-10-30,shipped,cash_on_delivery,34854.52
187,51,2025-09-14,delivered,credit_card,15407.3
188,99,2024-08-31,delivered,paypal,11175.94
189,40,2024-09-16,delivered,paypal,36152.63
190,47,2024-02-29,cancelled,debit_card,71918.12
191,67,2024-05-16,delivered,debit_card,4696.51
192,43,2025-02-26,delivered,credit_card,5441.84
193,68,2025-04-10,delivered,paypal,29868.16
194,2,2024-06-09,delivered,credit_card,29370.62
195,83,2025-02-10,processing,credit_card,28941.84
196,68,2025-08-11,delivered,credit_card,13375.19
197,15,2024-08-14,delivered,paypal,17800.61
198,93,2024-11-25,delivered,debit_card,33164.98
199,72,2024-12-23,cancelled,debit_card,15081.17
200,25,2025-05-06,delivered,credit_card,55866.87
201,100,2024-12-22,delivered,paypal,14194.52
202,2,2025-12-18,delivered,bank_transfer,21347.17
203,62,2024-11-14,delivered,cash_on_delivery,7824.02
204,88,2025-02-26,delivered,debit_card,16026.66
205,46,2025-01-04,delivered,credit_card,42130.14
206,24,2024-06-27,cancelled,cash_on_delivery,50367.9
207,87,2025-10-29,returned,paypal,18971.56
208,81,2024-08-17,shipped,debit_card,78931.32
209,45,2024-10-16,delivered,paypal,1227.84
210,28,2026-02-11,delivered,debit_card,29844.3
211,40,2026-07-13,delivered,bank_transfer,38035.95
212,88,2025-10-15,delivered,credit_card,27418.57
213,31,2026-06-11,shipped,bank_transfer,46103.34
214,15,2026-04-11,shipped,credit_card,23611.4
215,39,2025-04-13,returned,credit_card,11614.88
216,17,2026-01-20,delivered,debit_card,26750.38
217,97,2024-11-15,returned,credit_card,25866.12
218,15,2025-03-24,shipped,credit_card,55773.61
219,90,2025-06-05,delivered,credit_card,32560.78
220,87,2026-07-24,delivered,debit_card,34577.74
221,54,2026-04-06,delivered,paypal,31926.81
222,68,2025-04-21,returned,cash_on_delivery,50543.53
223,48,2025-09-27,delivered,paypal,17296.56
224,100,2024-07-16,delivered,debit_card,23472.06
225,41,2026-02-22,delivered,paypal,1108.49
226,34,2025-06-22,shipped,bank_transfer,52778.71
227,87,2025-06-02,delivered,credit_card,17406.44
228,79,2026-01-16,processing,debit_card,28676.13
229,91,2025-09-08,delivered,bank_transfer,21141.79
230,11,2024-03-11,delivered,debit_card,14798.82
231,7,2024-10-07,delivered,credit_card,2455.68
232,43,2024-06-21,shipped,credit_card,104428.6
233,68,2025-12-16,processing,credit_card,20241.35
234,16,2024-02-04,processing,bank_transfer,13375.19
235,52,2024-07-16,processing,credit_card,17444.52
236,40,2025-08-04,shipped,credit_card,25388.21
237,80,2025-11-07,delivered,paypal,106232.89
238,45,2025-05-05,delivered,credit_card,9948.1
239,22,2026-04-18,shipped,credit_card,13796.97
240,10,2026-06-14,delivered,credit_card,27255.47
241,87,2024-05-08,delivered,cash_on_delivery,13375.19
242,14,2026-07-16,delivered,debit_card,7842.74
243,39,2025-08-21,processing,cash_on_delivery,26291.71
244,88,2025-09-11,delivered,credit_card,46238.62
245,68,2024-04-02,delivered,paypal,12857.97
246,56,2025-08-28,delivered,bank_transfer,31675.8
247,74,2025-12-07,delivered,credit_card,1108.49
248,61,2025-07-19,delivered,credit_card,25992.51
249,40,2024-03-23,shipped,bank_transfer,5805.0
250,55,2025-05-24,delivered,credit_card,38528.8
251,49,2026-06-30,delivered,debit_card,49584.31
252,69,2025-12-05,delivered,credit_card,53836.73
253,22,2024-05-13,processing,paypal,33907.17
254,17,2026-07-23,processing,debit_card,6837.0
255,46,2026-07-22,cancelled,credit_card,13375.19
256,23,2024-06-13,delivered,credit_card,47041.19
257,69,2026-02-19,delivered,credit_card,64101.31
258,22,2025-01-31,delivered,credit_card,10435.11
259,14,2025-08-01,processing,credit_card,17075.9
260,35,2025-03-09,delivered,debit_card,1585.02
261,27,2026-02-01,delivered,credit_card,26982.96
262,90,2026-08-28,cancelled,credit_card,14644.61
263,13,2026-02-13,delivered,debit_card,2216.98
264,14,2026-06-26,processing,paypal,22175.87
265,86,2026-07-10,delivered,cash_on_delivery,87495.21
266,4,2024-03-28,delivered,credit_card,20534.36
267,99,2024-09-03,delivered,bank_transfer,34013.29
268,17,2025-12-04,returned,debit_card,24559.1
269,46,2025-07-28,returned,debit_card,34151.49
270,40,2024-02-18,delivered,credit_card,54423.82
271,29,2024-04-02,delivered,credit_card,29154.11
272,88,2025-05-22,delivered,debit_card,10067.9
273,40,2025-08-23,delivered,paypal,22790.8
274,96,2024-06-12,cancelled,debit_card,108836.96
275,30,2024-06-15,delivered,debit_card,50002.35
276,45,2024-05-05,delivered,debit_card,14474.88
277,29,2025-07-04,delivered,debit_card,15536.25
278,11,2024-01-08,delivered,paypal,37865.06
279,39,2025-07-11,delivered,debit_card,4696.51
280,80,2025-04-08,delivered,bank_transfer,26622.78
281,96,2025-03-29,delivered,paypal,53455.16
282,5,2025-10-23,cancelled,debit_card,65206.67
283,95,2025-05-24,delivered,credit_card,54198.44
284,3,2025-12-09,shipped,debit_card,94788.51
285,2,2026-01-14,shipped,bank_transfer,20503.01
286,46,2026-06-15,delivered,credit_card,104437.92
287,85,2026-02-17,delivered,bank_transfer,19756.02
288,37,2025-05-19,delivered,credit_card,104631.09
289,17,2025-04-24,shipped,debit_card,14690.18
290,51,2024-08-17,returned,cash_on_delivery,29435.07
291,88,2025-08-07,delivered,debit_card,55759.16
292,89,2024-05-15,delivered,credit_card,26570.02
293,86,2026-06-26,delivered,debit_card,88059.29
294,100,2026-04-03,delivered,debit_card,20016.0
295,36,2024-04-26,delivered,credit_card,30818.32
296,86,2026-02-04,processing,credit_card,7250.93
297,29,2024-04-24,processing,credit_card,14984.38
298,49,2025-12-03,delivered,paypal,8094.0
299,17,2024-03-26,delivered,debit_card,35286.14
300,63,2025-04-20,delivered,debit_card,23258.33
301,49,2025-10-02,delivered,credit_card,15949.3
302,19,2025-12-10,delivered,credit_card,32063.91
303,99,2025-02-11,delivered,bank_transfer,3921.37
304,100,2026-06-16,delivered,paypal,13375.19
305,88,2026-01-24,delivered,debit_card,52436.02
306,42,2024-07-21,delivered,debit_card,9948.1
307,100,2025-10-15,cancelled,credit_card,15876.95
308,73,2025-12-12,delivered,cash_on_delivery,7824.02
309,4,2024-11-20,cancelled,bank_transfer,37634.4
310,14,2025-12-20,delivered,bank_transfer,64621.13
311,17,2026-05-25,delivered,cash_on_delivery,12999.8
312,56,2026-03-06,delivered,debit_card,79187.92
313,7,2026-01-12,returned,credit_card,29604.94
314,19,2025-09-10,delivered,cash_on_delivery,14194.52
315,11,2024-09-20,processing,paypal,34311.91
316,87,2026-02-13,returned,bank_transfer,31305.33
317,98,2024-12-20,delivered,bank_transfer,21343.64
318,53,2025-06-02,delivered,cash_on_delivery,10435.11
319,99,2024-11-02,shipped,debit_card,37962.38
320,45,2024-10-31,delivered,debit_card,53832.02
321,39,2024-06-02,delivered,credit_card,81203.42
322,84,2026-07-25,delivered,cash_on_delivery,6866.16
323,62,2024-05-23,delivered,credit_card,11193.69
324,21,2024-03-25,returned,credit_card,10366.3
325,48,2026-06-30,cancelled,cash_on_delivery,6866.16
326,23,2025-06-24,delivered,credit_card,7824.02
327,7,2025-03-02,delivered,debit_card,33275.12
328,94,2025-12-19,delivered,paypal,13869.47
329,21,2025-01-08,processing,debit_card,28086.76
330,88,2024-05-04,cancelled,debit_card,38579.42
331,11,2025-12-11,delivered,debit_card,18122.14
332,99,2024-06-20,delivered,paypal,21664.98
333,52,2025-06-22,delivered,credit_card,20534.36
334,68,2026-07-13,delivered,debit_card,63249.06
335,23,2026-06-30,shipped,credit_card,6866.16
336,97,2024-12-17,delivered,credit_card,1108.49
337,46,2026-01-30,delivered,debit_card,58580.1
338,43,2025-08-19,returned,debit_card,14798.82
339,46,2025-04-11,delivered,credit_card,23055.82
340,59,2024-05-16,delivered,paypal,2336.33
341,5,2025-01-01,returned,debit_card,69722.63
342,92,2025-09-26,delivered,credit_card,22858.12
343,87,2026-08-18,delivered,bank_transfer,64677.67
344,42,2024-01-05,delivered,bank_transfer,43988.34
345,65,2025-11-30,delivered,paypal,28263.71
346,68,2026-04-04,returned,debit_card,21186.32
347,41,2026-07-15,processing,debit_card,17942.72
348,77,2025-02-16,delivered,credit_card,35251.02
349,79,2024-04-25,delivered,credit_card,16311.39
350,64,2024-09-20,shipped,cash_on_delivery,1108.49
351,28,2026-04-08,delivered,cash_on_delivery,23810.3
352,17,2026-05-05,delivered,credit_card,5441.84
353,50,2025-09-12,processing,paypal,5441.84
354,73,2024-04-29,delivered,debit_card,63177.72
355,46,2024-04-28,delivered,credit_card,29619.24
356,29,2025-04-10,delivered,debit_card,21867.4
357,73,2025-07-26,delivered,debit_card,11614.88
358,84,2024-02-01,shipped,bank_transfer,22905.19
359,44,2025-10-30,processing,credit_card,13375.19
360,35,2025-06-14,delivered,debit_card,7824.02
361,39,2024-01-12,delivered,paypal,17296.56
362,29,2024-04-03,delivered,credit_card,18286.55
363,43,2025-03-18,delivered,debit_card,43263.16
364,23,2025-12-04,shipped,cash_on_delivery,14122.13
365,46,2026-03-14,delivered,bank_transfer,7824.02
366,100,2025-02-24,delivered,cash_on_delivery,23472.06
367,93,2024-10-14,shipped,debit_card,11193.69
368,9,2026-08-01,delivered,debit_card,14798.82
369,46,2025-03-22,delivered,debit_card,40549.68
370,54,2024-11-03,processing,credit_card,43909.22
371,23,2025-03-06,shipped,bank_transfer,14320.16
372,100,2024-01-12,processing,cash_on_delivery,45438.38
373,29,2024-10-21,delivered,credit_card,24167.43
374,61,2025-05-17,cancelled,debit_card,39919.15
375,54,2026-06-13,delivered,credit_card,50329.15
376,20,2025-12-20,delivered,cash_on_delivery,42130.14
377,40,2026-01-30,processing,paypal,14320.16
378,19,2025-06-14,delivered,bank_transfer,17772.12
379,27,2024-04-17,cancelled,credit_card,22622.84
380,69,2025-01-15,processing,credit_card,11502.85
381,28,2026-08-29,returned,credit_card,26750.38
382,42,2024-02-13,delivered,credit_card,48663.45
383,83,2026-05-06,shipped,debit_card,24485.42
384,87,2025-10-28,delivered,credit_card,61741.42
385,56,2024-10-03,returned,credit_card,43014.13
386,22,2026-01-27,delivered,bank_transfer,117531.95
387,10,2026-03-26,delivered,paypal,101748.72
388,36,2024-02-12,delivered,credit_card,15536.25
389,40,2024-04-13,delivered,bank_transfer,23293.06
390,67,2025-10-10,shipped,cash_on_delivery,24268.26
391,40,2026-08-31,delivered,cash_on_delivery,14043.38
392,24,2024-01-24,shipped,paypal,12020.13
393,12,2025-10-10,delivered,credit_card,27443.62
394,18,2024-05-12,delivered,credit_card,1585.02
395,86,2025-09-25,cancelled,bank_transfer,79084.99
396,27,2025-08-30,delivered,credit_card,96967.38
397,14,2024-03-29,cancelled,debit_card,37812.04
398,23,2025-10-25,processing,debit_card,29778.45
399,3,2026-05-23,delivered,paypal,11614.88
400,84,2026-04-20,delivered,cash_on_delivery,43285.91
401,88,2024-01-29,processing,credit_card,13375.19
402,5,2024-08-27,processing,credit_card,42552.53
403,63,2024-08-22,shipped,credit_card,15271.22
404,84,2025-03-17,cancelled,paypal,11193.69
405,43,2024-05-19,processing,debit_card,31452.11
406,78,2026-04-12,processing,paypal,2455.68
407,28,2026-01-26,delivered,credit_card,41405.09
408,46,2026-02-26,delivered,debit_card,4558.0
409,40,2024-07-12,shipped,cash_on_delivery,7824.02
410,24,2024-01-15,shipped,paypal,78361.16
411,49,2026-06-05,delivered,bank_transfer,39852.07
412,99,2024-10-08,shipped,cash_on_delivery,15953.72
413,100,2025-10-01,delivered,paypal,67706.32
414,45,2026-06-04,returned,credit_card,73692.56
415,40,2024-02-05,processing,credit_card,9948.1
416,85,2024-01-06,delivered,cash_on_delivery,30857.64
417,90,2024-01-06,delivered,paypal,34511.16
418,31,2024-06-01,delivered,paypal,42996.29
419,87,2024-02-20,delivered,credit_card,87282.04
420,74,2026-03-09,delivered,debit_card,17772.12
421,6,2025-08-13,delivered,bank_transfer,88612.78
422,2,2026-08-12,delivered,cash_on_delivery,23903.38
423,5,2026-02-19,shipped,credit_card,1585.02
424,88,2026-07-27,shipped,cash_on_delivery,22213.1
425,23,2024-08-20,delivered,paypal,47892.17
426,24,2024-10-07,delivered,credit_card,35863.33
427,99,2026-04-07,shipped,paypal,38667.75
428,78,2024-08-26,delivered,debit_card,46188.26
429,45,2024-02-25,delivered,credit_card,14798.82
430,90,2025-10-13,processing,debit_card,3921.37
431,57,2026-02-19,delivered,cash_on_delivery,11614.88
432,92,2026-08-01,cancelled,credit_card,36213.06
433,17,2026-06-22,delivered,credit_card,1585.02
434,14,2024-04-27,delivered,cash_on_delivery,29597.64
435,8,2026-01-22,delivered,bank_transfer,41405.23
436,58,2026-04-04,shipped,paypal,9070.58
437,89,2025-11-10,delivered,debit_card,45875.16
438,74,2026-03-09,delivered,debit_card,66698.37
439,45,2026-03-27,delivered,bank_transfer,11533.12
440,26,2025-03-10,delivered,credit_card,5924.35
441,87,2024-02-09,delivered,paypal,10435.11
442,88,2025-03-20,delivered,paypal,34839.52
443,29,2024-07-15,delivered,paypal,21657.11
444,93,2024-04-20,delivered,debit_card,13732.32
445,28,2024-05-01,delivered,paypal,91658.97
446,62,2025-11-10,delivered,credit_card,26070.44
447,71,2025-05-06,delivered,paypal,14982.05
448,8,2025-06-09,delivered,debit_card,28461.75
449,10,2025-12-26,delivered,debit_card,45698.64
450,78,2025-06-18,delivered,bank_transfer,21562.98
451,53,2025-09-05,shipped,debit_card,33666.0
452,46,2024-03-24,delivered,cash_on_delivery,54591.87
453,46,2026-04-09,delivered,debit_card,6444.93
454,77,2025-03-13,delivered,debit_card,1585.02
455,46,2024-05-31,cancelled,debit_card,31774.08
456,45,2026-03-03,returned,debit_card,31191.85
457,18,2025-12-16,delivered,credit_card,9070.58
458,1,2024-02-21,delivered,paypal,17056.72
459,77,2024-07-07,delivered,debit_card,14708.9
460,17,2024-01-16,cancelled,credit_card,7842.74
461,64,2024-09-20,delivered,paypal,27667.21
462,40,2024-04-07,shipped,credit_card,46150.4
463,93,2025-11-22,delivered,paypal,65898.65
464,88,2025-05-23,returned,credit_card,14194.52
465,28,2026-08-12,delivered,credit_card,7674.01
466,58,2025-12-30,returned,cash_on_delivery,36039.08
467,50,2025-08-18,delivered,bank_transfer,60668.36
468,97,2025-05-11,delivered,debit_card,2216.98
469,87,2024-02-23,delivered,debit_card,5033.95
470,100,2024-03-09,returned,cash_on_delivery,42098.4
471,86,2025-08-23,delivered,credit_card,92884.29
472,53,2024-01-05,delivered,debit_card,4033.54
473,66,2024-02-11,delivered,paypal,1108.49
474,31,2024-08-01,delivered,credit_card,10755.32
475,19,2026-05-11,processing,debit_card,8232.79
476,23,2025-03-22,shipped,debit_card,39774.1
477,2,2025-11-22,delivered,credit_card,9937.28
478,68,2025-02-04,delivered,credit_card,30585.36
479,5,2024-06-17,delivered,credit_card,34920.53
480,88,2024-12-27,delivered,debit_card,18999.96
481,44,2024-03-30,delivered,credit_card,30254.52
482,86,2026-01-20,processing,credit_card,73186.66
483,17,2024-06-27,cancelled,debit_card,58460.75
484,16,2025-01-01,delivered,paypal,6866.16
485,76,2026-08-12,delivered,cash_on_delivery,24485.42
486,46,2025-07-30,delivered,debit_card,7824.02
487,35,2025-03-22,delivered,credit_card,52580.43
488,34,2025-06-12,shipped,credit_card,44590.75
489,43,2026-02-02,delivered,debit_card,74621.8
490,83,2024-09-04,processing,paypal,22144.18
491,12,2025-09-11,delivered,debit_card,16756.53
492,24,2026-04-30,delivered,credit_card,34811.21
493,45,2025-07-11,delivered,credit_card,19438.9
494,87,2025-03-10,cancelled,credit_card,13523.15
495,96,2024-05-21,delivered,cash_on_delivery,39111.24
496,99,2024-08-29,delivered,paypal,4427.79
497,99,2026-07-10,cancelled,cash_on_delivery,25446.13
498,53,2025-06-11,delivered,bank_transfer,40137.55
499,63,2024-10-20,delivered,debit_card,1227.84
500,56,2025-02-11,delivered,paypal,17850.49
