payment_id,order_id,payment_date,payment_method,payment_status,amount
1,1,2025-11-27,cash_on_delivery,pending,4558.0
2,2,2024-03-23,debit_card,paid,48576.96
3,3,2025-12-20,credit_card,paid,11507.54
4,4,2026-03-15,debit_card,paid,21325.11
5,5,2024-05-07,debit_card,paid,53646.15
6,6,2025-02-26,debit_card,paid,20983.25
7,7,2024-04-30,debit_card,paid,11656.96
8,8,2025-07-06,debit_card,paid,5441.84
9,9,2026-06-22,paypal,paid,7824.02
10,10,2024-03-19,bank_transfer,paid,6866.16
11,11,2025-01-22,paypal,paid,5506.39
12,12,2026-08-05,paypal,paid,38805.58
13,13,2024-10-20,debit_card,refunded,14798.82
14,14,2024-05-08,credit_card,paid,20601.69
15,15,2025-04-20,credit_card,paid,60659.93
16,16,2025-05-10,credit_card,paid,21368.02
17,17,2025-10-07,credit_card,paid,35883.93
18,18,2024-11-01,credit_card,paid,23177.01
19,19,2026-07-19,debit_card,paid,33420.16
20,20,2025-05-22,credit_card,paid,44046.94
21,21,2024-10-05,cash_on_delivery,failed,49957.0
22,22,2026-07-24,paypal,paid,14320.16
23,23,2026-06-19,paypal,paid,29772.07
24,24,2025-05-01,debit_card,paid,5657.76
25,25,2024-01-25,bank_transfer,pending,48267.61
26,26,2025-08-04,bank_transfer,paid,37511.7
27,27,2025-06-24,debit_card,paid,12999.77
28,28,2024-05-24,paypal,pending,10435.11
29,29,2025-09-09,credit_card,paid,10435.11
30,30,2026-03-29,credit_card,failed,15428.65
31,31,2024-04-13,debit_card,paid,2455.68
32,32,2025-12-05,credit_card,paid,52259.16
33,33,2024-05-16,paypal,paid,50037.81
34,34,2025-12-30,paypal,paid,26341.13
35,35,2025-02-12,debit_card,paid,27731.67
36,36,2024-01-07,debit_card,paid,14805.05
37,37,2026-07-30,debit_card,pending,12723.37
38,38,2024-06-10,bank_transfer,paid,8932.51
39,39,2025-08-03,debit_card,paid,93115.15
40,40,2024-06-25,cash_on_delivery,paid,12857.97
41,41,2026-06-27,credit_card,paid,59905.19
42,42,2025-12-20,cash_on_delivery,paid,7674.01
43,43,2026-02-22,debit_card,paid,37828.27
44,44,2025-02-24,paypal,paid,99660.83
45,45,2025-03-31,paypal,refunded,48462.88
46,46,2025-09-09,cash_on_delivery,paid,9948.1
47,47,2026-02-03,bank_transfer,refunded,100206.64
48,48,2026-04-04,paypal,paid,17383.69
49,49,2024-01-18,paypal,paid,11662.95
50,50,2025-10-08,credit_card,refunded,8029.95
51,51,2024-04-16,debit_card,paid,105970.93
52,52,2024-10-07,paypal,paid,7250.93
53,53,2026-03-18,debit_card,refunded,54972.89
54,54,2024-08-31,bank_transfer,paid,5777.11
55,55,2026-02-15,bank_transfer,paid,2216.98
56,56,2025-03-26,credit_card,paid,26750.38
57,57,2024-08-14,credit_card,paid,15534.59
58,58,2024-11-21,paypal,paid,19896.2
59,59,2025-05-31,bank_transfer,paid,19896.2
60,60,2026-01-15,paypal,paid,39703.44
61,61,2025-08-13,debit_card,paid,53434.98
62,62,2026-06-27,debit_card,paid,14320.16
63,63,2026-04-25,credit_card,paid,7703.65
64,64,2026-01-03,bank_transfer,paid,11193.69
65,65,2025-08-10,debit_card,paid,25542.16
66,66,2024-10-09,credit_card,paid,22640.01
67,67,2025-02-05,paypal,paid,55496.55
68,68,2024-04-25,credit_card,refunded,19896.2
69,69,2024-12-30,debit_card,paid,1585.02
70,70,2026-06-21,debit_card,paid,52397.42
71,71,2025-02-18,debit_card,refunded,36073.87
72,72,2024-04-20,credit_card,paid,12652.09
73,73,2025-09-26,debit_card,paid,29691.42
74,74,2026-07-26,debit_card,paid,9948.1
75,75,2026-04-24,debit_card,paid,45793.6
76,76,2024-09-23,credit_card,paid,44488.91
77,77,2025-03-18,debit_card,refunded,7824.02
78,78,2025-06-01,paypal,paid,55570.58
79,79,2024-08-29,credit_card,paid,11193.69
80,80,2024-09-18,credit_card,paid,21470.98
81,81,2024-08-18,bank_transfer,paid,24990.07
82,82,2026-08-26,cash_on_delivery,paid,4598.99
83,83,2025-12-27,cash_on_delivery,paid,6444.93
84,84,2026-03-29,debit_card,paid,96749.33
85,85,2026-03-06,cash_on_delivery,paid,41494.44
86,86,2026-07-23,credit_card,paid,26579.1
87,87,2024-04-12,credit_card,paid,25992.51
88,88,2026-05-08,debit_card,paid,33878.44
89,89,2024-03-05,credit_card,paid,19804.68
90,90,2025-04-08,credit_card,paid,48022.75
91,91,2025-08-01,credit_card,paid,12392.01
92,92,2024-12-14,credit_card,paid,17772.12
93,93,2024-05-22,credit_card,paid,62632.23
94,94,2024-07-06,credit_card,paid,14089.53
95,95,2026-03-14,bank_transfer,paid,22947.87
96,96,2024-11-06,credit_card,paid,6261.79
97,97,2024-10-29,credit_card,paid,80052.5
98,98,2026-06-18,credit_card,refunded,39284.24
99,99,2024-05-20,credit_card,paid,20870.22
100,100,2026-06-10,cash_on_delivery,paid,1227.84
101,101,2026-06-16,credit_card,paid,7824.02
102,102,2025-08-05,credit_card,paid,66009.71
103,103,2024-06-10,bank_transfer,paid,104363.63
104,104,2024-05-31,debit_card,paid,21562.98
105,105,2024-10-04,bank_transfer,paid,15190.17
106,106,2025-07-16,debit_card,failed,6866.16
107,107,2024-05-29,debit_card,refunded,59330.06
108,108,2025-03-19,bank_transfer,paid,35182.03
109,109,2024-04-22,debit_card,paid,30631.55
110,110,2025-06-10,credit_card,paid,51620.71
111,111,2024-01-21,credit_card,paid,11222.0
112,112,2025-11-21,paypal,paid,9948.1
113,113,2024-02-23,debit_card,paid,37421.66
114,114,2024-07-08,paypal,paid,56214.88
115,115,2024-06-19,cash_on_delivery,paid,30146.84
116,116,2026-03-20,cash_on_delivery,paid,13523.15
117,117,2024-02-21,cash_on_delivery,paid,31180.2
118,118,2025-02-22,paypal,paid,16103.49
119,119,2025-07-29,debit_card,paid,44471.58
120,120,2025-05-17,bank_transfer,paid,13375.19
121,121,2025-10-25,credit_card,paid,50212.2
122,122,2026-02-21,debit_card,paid,45218.24
123,123,2025-01-18,paypal,paid,32587.45
124,124,2026-03-17,paypal,paid,54437.04
125,125,2024-11-05,debit_card,paid,41195.01
126,126,2026-08-16,debit_card,paid,17444.52
127,127,2025-05-06,cash_on_delivery,paid,52827.4
128,128,2025-12-17,credit_card,paid,33225.4
129,129,2026-05-02,credit_card,paid,2279.0
130,130,2026-02-11,credit_card,failed,66767.27
131,131,2026-04-09,bank_transfer,paid,44950.25
132,132,2025-06-06,paypal,paid,41512.22
133,133,2024-02-12,debit_card,paid,77728.95
134,134,2025-04-25,bank_transfer,refunded,44288.36
135,135,2024-06-25,credit_card,paid,28640.32
136,136,2026-05-15,cash_on_delivery,paid,6866.16
137,137,2024-08-18,cash_on_delivery,paid,25233.93
138,138,2024-08-10,debit_card,paid,40522.6
139,139,2024-08-30,debit_card,pending,44353.8
140,140,2025-09-17,credit_card,paid,10883.68
141,141,2025-07-10,credit_card,paid,75874.59
142,142,2026-07-13,credit_card,paid,36180.96
143,143,2025-02-09,credit_card,paid,37208.79
144,144,2024-10-01,credit_card,paid,24485.42
145,145,2024-02-17,debit_card,paid,14043.38
146,146,2024-01-07,credit_card,paid,23518.14
147,147,2024-12-29,paypal,failed,35115.86
148,148,2026-06-20,credit_card,paid,40891.15
149,149,2025-05-25,bank_transfer,paid,3506.84
150,150,2026-05-20,cash_on_delivery,refunded,64438.71
151,151,2024-04-09,credit_card,paid,56012.59
152,152,2024-03-31,credit_card,paid,19533.5
153,153,2026-03-22,debit_card,paid,34920.53
154,154,2024-04-13,credit_card,paid,15584.32
155,155,2024-02-20,paypal,paid,55828.9
156,156,2025-01-28,debit_card,paid,25971.12
157,157,2026-06-19,credit_card,paid,3921.37
158,158,2025-11-02,cash_on_delivery,paid,15792.68
159,159,2024-04-06,bank_transfer,paid,20383.21
160,160,2026-03-26,debit_card,paid,14320.16
161,161,2026-04-01,bank_transfer,paid,7824.02
162,162,2026-02-18,debit_card,paid,2693.51
163,163,2026-05-29,credit_card,paid,126792.86
164,164,2024-08-21,paypal,paid,13523.15
165,165,2026-08-12,debit_card,paid,26219.98
166,166,2024-11-08,credit_card,paid,71861.29
167,167,2026-02-20,debit_card,refunded,17083.05
168,168,2025-07-18,debit_card,paid,43470.79
169,169,2026-01-29,credit_card,paid,4696.51
170,170,2025-09-03,credit_card,failed,15151.87
171,171,2025-09-17,debit_card,paid,13115.85
172,172,2025-08-23,cash_on_delivery,paid,10435.11
173,173,2026-01-28,debit_card,paid,52421.49
174,174,2025-12-20,debit_card,refunded,20541.22
175,175,2024-05-11,bank_transfer,paid,2204.64
176,176,2026-03-15,bank_transfer,paid,36957.99
177,177,2025-06-06,debit_card,failed,4598.99
178,178,2024-11-10,cash_on_delivery,paid,44121.78
179,179,2025-05-15,debit_card,paid,23810.3
180,180,2026-07-30,paypal,paid,27046.3
181,181,2026-04-15,credit_card,refunded,19644.87
182,182,2026-03-23,paypal,paid,53229.81
183,183,2025-03-26,cash_on_delivery,paid,33886.9
184,184,2026-02-02,paypal,paid,58371.81
185,185,2025-01-10,debit_card,paid,20870.22
186,186,2025-10-30,cash_on_delivery,paid,34854.52
187,187,2025-09-14,credit_card,paid,15407.3
188,188,2024-08-31,paypal,paid,11175.94
189,189,2024-09-16,paypal,paid,36152.63
190,190,2024-02-29,debit_card,failed,71918.12
191,191,2024-05-16,debit_card,paid,4696.51
192,192,2025-02-26,credit_card,paid,5441.84
193,193,2025-04-10,paypal,paid,29868.16
194,194,2024-06-09,credit_card,pending,29370.62
195,195,2025-02-10,credit_card,paid,28941.84
196,196,2025-08-11,credit_card,paid,13375.19
197,197,2024-08-14,paypal,paid,17800.61
198,198,2024-11-25,debit_card,paid,33164.98
199,199,2024-12-23,debit_card,refunded,15081.17
200,200,2025-05-06,credit_card,paid,55866.87
201,201,2024-12-22,paypal,paid,14194.52
202,202,2025-12-18,bank_transfer,paid,21347.17
203,203,2024-11-14,cash_on_delivery,paid,7824.02
204,204,2025-02-26,debit_card,pending,16026.66
205,205,2025-01-04,credit_card,paid,42130.14
206,206,2024-06-27,cash_on_delivery,failed,50367.9
207,207,2025-10-29,paypal,refunded,18971.56
208,208,2024-08-17,debit_card,paid,78931.32
209,209,2024-10-16,paypal,paid,1227.84
210,210,2026-02-11,debit_card,paid,29844.3
211,211,2026-07-13,bank_transfer,paid,38035.95
212,212,2025-10-15,credit_card,paid,27418.57
213,213,2026-06-11,bank_transfer,paid,46103.34
214,214,2026-04-11,credit_card,paid,23611.4
215,215,2025-04-13,credit_card,refunded,11614.88
216,216,2026-01-20,debit_card,paid,26750.38
217,217,2024-11-15,credit_card,refunded,25866.12
218,218,2025-03-24,credit_card,paid,55773.61
219,219,2025-06-05,credit_card,paid,32560.78
220,220,2026-07-24,debit_card,paid,34577.74
221,221,2026-04-06,paypal,paid,31926.81
222,222,2025-04-21,cash_on_delivery,refunded,50543.53
223,223,2025-09-27,paypal,paid,17296.56
224,224,2024-07-16,debit_card,paid,23472.06
225,225,2026-02-22,paypal,paid,1108.49
226,226,2025-06-22,bank_transfer,paid,52778.71
227,227,2025-06-02,credit_card,paid,17406.44
228,228,2026-01-16,debit_card,paid,28676.13
229,229,2025-09-08,bank_transfer,paid,21141.79
230,230,2024-03-11,debit_card,paid,14798.82
231,231,2024-10-07,credit_card,paid,2455.68
232,232,2024-06-21,credit_card,paid,104428.6
233,233,2025-12-16,credit_card,paid,20241.35
234,234,2024-02-04,bank_transfer,paid,13375.19
235,235,2024-07-16,credit_card,paid,17444.52
236,236,2025-08-04,credit_card,paid,25388.21
237,237,2025-11-07,paypal,paid,106232.89
238,238,2025-05-05,credit_card,paid,9948.1
239,239,2026-04-18,credit_card,paid,13796.97
240,240,2026-06-14,credit_card,paid,27255.47
241,241,2024-05-08,cash_on_delivery,paid,13375.19
242,242,2026-07-16,debit_card,paid,7842.74
243,243,2025-08-21,cash_on_delivery,paid,26291.71
244,244,2025-09-11,credit_card,paid,46238.62
245,245,2024-04-02,paypal,paid,12857.97
246,246,2025-08-28,bank_transfer,paid,31675.8
247,247,2025-12-07,credit_card,paid,1108.49
248,248,2025-07-19,credit_card,paid,25992.51
249,249,2024-03-23,bank_transfer,paid,5805.0
250,250,2025-05-24,credit_card,paid,38528.8
251,251,2026-06-30,debit_card,paid,49584.31
252,252,2025-12-05,credit_card,paid,53836.73
253,253,2024-05-13,paypal,paid,33907.17
254,254,2026-07-23,debit_card,paid,6837.0
255,255,2026-07-22,credit_card,failed,13375.19
256,256,2024-06-13,credit_card,paid,47041.19
257,257,2026-02-19,credit_card,paid,64101.31
258,258,2025-01-31,credit_card,paid,10435.11
259,259,2025-08-01,credit_card,paid,17075.9
260,260,2025-03-09,debit_card,paid,1585.02
261,261,2026-02-01,credit_card,paid,26982.96
262,262,2026-08-28,credit_card,refunded,14644.61
263,263,2026-02-13,debit_card,paid,2216.98
264,264,2026-06-26,paypal,paid,22175.87
265,265,2026-07-10,cash_on_delivery,paid,87495.21
266,266,2024-03-28,credit_card,paid,20534.36
267,267,2024-09-03,bank_transfer,paid,34013.29
268,268,2025-12-04,debit_card,refunded,24559.1
269,269,2025-07-28,debit_card,refunded,34151.49
270,270,2024-02-18,credit_card,paid,54423.82
271,271,2024-04-02,credit_card,paid,29154.11
272,272,2025-05-22,debit_card,paid,10067.9
273,273,2025-08-23,paypal,paid,22790.8
274,274,2024-06-12,debit_card,failed,108836.96
275,275,2024-06-15,debit_card,paid,50002.35
276,276,2024-05-05,debit_card,paid,14474.88
277,277,2025-07-04,debit_card,paid,15536.25
278,278,2024-01-08,paypal,paid,37865.06
279,279,2025-07-11,debit_card,paid,4696.51
280,280,2025-04-08,bank_transfer,paid,26622.78
281,281,2025-03-29,paypal,paid,53455.16
282,282,2025-10-23,debit_card,failed,65206.67
283,283,2025-05-24,credit_card,paid,54198.44
284,284,2025-12-09,debit_card,paid,94788.51
285,285,2026-01-14,bank_transfer,paid,20503.01
286,286,2026-06-15,credit_card,paid,104437.92
287,287,2026-02-17,bank_transfer,paid,19756.02
288,288,2025-05-19,credit_card,paid,104631.09
289,289,2025-04-24,debit_card,paid,14690.18
290,290,2024-08-17,cash_on_delivery,refunded,29435.07
291,291,2025-08-07,debit_card,paid,55759.16
292,292,2024-05-15,credit_card,paid,26570.02
293,293,2026-06-26,debit_card,paid,88059.29
294,294,2026-04-03,debit_card,paid,20016.0
295,295,2024-04-26,credit_card,paid,30818.32
296,296,2026-02-04,credit_card,paid,7250.93
297,297,2024-04-24,credit_card,paid,14984.38
298,298,2025-12-03,paypal,paid,8094.0
299,299,2024-03-26,debit_card,paid,35286.14
300,300,2025-04-20,debit_card,paid,23258.33
301,301,2025-10-02,credit_card,paid,15949.3
302,302,2025-12-10,credit_card,paid,32063.91
303,303,2025-02-11,bank_transfer,pending,3921.37
304,304,2026-06-16,paypal,paid,13375.19
305,305,2026-01-24,debit_card,paid,52436.02
306,306,2024-07-21,debit_card,paid,9948.1
307,307,2025-10-15,credit_card,refunded,15876.95
308,308,2025-12-12,cash_on_delivery,paid,7824.02
309,309,2024-11-20,bank_transfer,failed,37634.4
310,310,2025-12-20,bank_transfer,paid,64621.13
311,311,2026-05-25,cash_on_delivery,paid,12999.8
312,312,2026-03-06,debit_card,paid,79187.92
313,313,2026-01-12,credit_card,refunded,29604.94
314,314,2025-09-10,cash_on_delivery,paid,14194.52
315,315,2024-09-20,paypal,paid,34311.91
316,316,2026-02-13,bank_transfer,refunded,31305.33
317,317,2024-12-20,bank_transfer,paid,21343.64
318,318,2025-06-02,cash_on_delivery,paid,10435.11
319,319,2024-11-02,debit_card,paid,37962.38
320,320,2024-10-31,debit_card,paid,53832.02
321,321,2024-06-02,credit_card,paid,81203.42
322,322,2026-07-25,cash_on_delivery,paid,6866.16
323,323,2024-05-23,credit_card,paid,11193.69
324,324,2024-03-25,credit_card,refunded,10366.3
325,325,2026-06-30,cash_on_delivery,refunded,6866.16
326,326,2025-06-24,credit_card,paid,7824.02
327,327,2025-03-02,debit_card,paid,33275.12
328,328,2025-12-19,paypal,paid,13869.47
329,329,2025-01-08,debit_card,paid,28086.76
330,330,2024-05-04,debit_card,failed,38579.42
331,331,2025-12-11,debit_card,paid,18122.14
332,332,2024-06-20,paypal,paid,21664.98
333,333,2025-06-22,credit_card,paid,20534.36
334,334,2026-07-13,debit_card,paid,63249.06
335,335,2026-06-30,credit_card,pending,6866.16
336,336,2024-12-17,credit_card,paid,1108.49
337,337,2026-01-30,debit_card,paid,58580.1
338,338,2025-08-19,debit_card,refunded,14798.82
339,339,2025-04-11,credit_card,paid,23055.82
340,340,2024-05-16,paypal,paid,2336.33
341,341,2025-01-01,debit_card,refunded,69722.63
342,342,2025-09-26,credit_card,paid,22858.12
343,343,2026-08-18,bank_transfer,paid,64677.67
344,344,2024-01-05,bank_transfer,paid,43988.34
345,345,2025-11-30,paypal,paid,28263.71
346,346,2026-04-04,debit_card,refunded,21186.32
347,347,2026-07-15,debit_card,paid,17942.72
348,348,2025-02-16,credit_card,paid,35251.02
349,349,2024-04-25,credit_card,paid,16311.39
350,350,2024-09-20,cash_on_delivery,paid,1108.49
351,351,2026-04-08,cash_on_delivery,paid,23810.3
352,352,2026-05-05,credit_card,paid,5441.84
353,353,2025-09-12,paypal,paid,5441.84
354,354,2024-04-29,debit_card,paid,63177.72
355,355,2024-04-28,credit_card,paid,29619.24
356,356,2025-04-10,debit_card,paid,21867.4
357,357,2025-07-26,debit_card,paid,11614.88
358,358,2024-02-01,bank_transfer,pending,22905.19
359,359,2025-10-30,credit_card,paid,13375.19
360,360,2025-06-14,debit_card,paid,7824.02
361,361,2024-01-12,paypal,paid,17296.56
362,362,2024-04-03,credit_card,paid,18286.55
363,363,2025-03-18,debit_card,paid,43263.16
364,364,2025-12-04,cash_on_delivery,paid,14122.13
365,365,2026-03-14,bank_transfer,paid,7824.02
366,366,2025-02-24,cash_on_delivery,paid,23472.06
367,367,2024-10-14,debit_card,paid,11193.69
368,368,2026-08-01,debit_card,paid,14798.82
369,369,2025-03-22,debit_card,paid,40549.68
370,370,2024-11-03,credit_card,paid,43909.22
371,371,2025-03-06,bank_transfer,paid,14320.16
372,372,2024-01-12,cash_on_delivery,paid,45438.38
373,373,2024-10-21,credit_card,paid,24167.43
374,374,2025-05-17,debit_card,failed,39919.15
375,375,2026-06-13,credit_card,paid,50329.15
376,376,2025-12-20,cash_on_delivery,paid,42130.14
377,377,2026-01-30,paypal,paid,14320.16
378,378,2025-06-14,bank_transfer,paid,17772.12
379,379,2024-04-17,credit_card,refunded,22622.84
380,380,2025-01-15,credit_card,paid,11502.85
381,381,2026-08-29,credit_card,refunded,26750.38
382,382,2024-02-13,credit_card,paid,48663.45
383,383,2026-05-06,debit_card,paid,24485.42
384,384,2025-10-28,credit_card,paid,61741.42
385,385,2024-10-03,credit_card,refunded,43014.13
386,386,2026-01-27,bank_transfer,paid,117531.95
387,387,2026-03-26,paypal,paid,101748.72
388,388,2024-02-12,credit_card,paid,15536.25
389,389,2024-04-13,bank_transfer,paid,23293.06
390,390,2025-10-10,cash_on_delivery,paid,24268.26
391,391,2026-08-31,cash_on_delivery,paid,14043.38
392,392,2024-01-24,paypal,paid,12020.13
393,393,2025-10-10,credit_card,paid,27443.62
394,394,2024-05-12,credit_card,paid,1585.02
395,395,2025-09-25,bank_transfer,refunded,79084.99
396,396,2025-08-30,credit_card,paid,96967.38
397,397,2024-03-29,debit_card,failed,37812.04
398,398,2025-10-25,debit_card,paid,29778.45
399,399,2026-05-23,paypal,paid,11614.88
400,400,2026-04-20,cash_on_delivery,paid,43285.91
401,401,2024-01-29,credit_card,paid,13375.19
402,402,2024-08-27,credit_card,paid,42552.53
403,403,2024-08-22,credit_card,paid,15271.22
404,404,2025-03-17,paypal,failed,11193.69
405,405,2024-05-19,debit_card,paid,31452.11
406,406,2026-04-12,paypal,paid,2455.68
407,407,2026-01-26,credit_card,paid,41405.09
408,408,2026-02-26,debit_card,paid,4558.0
409,409,2024-07-12,cash_on_delivery,paid,7824.02
410,410,2024-01-15,paypal,paid,78361.16
411,411,2026-06-05,bank_transfer,paid,39852.07
412,412,2024-10-08,cash_on_delivery,paid,15953.72
413,413,2025-10-01,paypal,paid,67706.32
414,414,2026-06-04,credit_card,refunded,73692.56
415,415,2024-02-05,credit_card,paid,9948.1
416,416,2024-01-06,cash_on_delivery,paid,30857.64
417,417,2024-01-06,paypal,paid,34511.16
418,418,2024-06-01,paypal,paid,42996.29
419,419,2024-02-20,credit_card,paid,87282.04
420,420,2026-03-09,debit_card,paid,17772.12
421,421,2025-08-13,bank_transfer,paid,88612.78
422,422,2026-08-12,cash_on_delivery,paid,23903.38
423,423,2026-02-19,credit_card,paid,1585.02
424,424,2026-07-27,cash_on_delivery,paid,22213.1
425,425,2024-08-20,paypal,paid,47892.17
426,426,2024-10-07,credit_card,paid,35863.33
427,427,2026-04-07,paypal,pending,38667.75
428,428,2024-08-26,debit_card,paid,46188.26
429,429,2024-02-25,credit_card,paid,14798.82
430,430,2025-10-13,debit_card,paid,3921.37
431,431,2026-02-19,cash_on_delivery,paid,11614.88
432,432,2026-08-01,credit_card,refunded,36213.06
433,433,2026-06-22,credit_card,paid,1585.02
434,434,2024-04-27,cash_on_delivery,paid,29597.64
435,435,2026-01-22,bank_transfer,paid,41405.23
436,436,2026-04-04,paypal,paid,9070.58
437,437,2025-11-10,debit_card,paid,45875.16
438,438,2026-03-09,debit_card,paid,66698.37
439,439,2026-03-27,bank_transfer,paid,11533.12
440,440,2025-03-10,credit_card,paid,5924.35
441,441,2024-02-09,paypal,paid,10435.11
442,442,2025-03-20,paypal,paid,34839.52
443,443,2024-07-15,paypal,paid,21657.11
444,444,2024-04-20,debit_card,paid,13732.32
445,445,2024-05-01,paypal,paid,91658.97
446,446,2025-11-10,credit_card,paid,26070.44
447,447,2025-05-06,paypal,paid,14982.05
448,448,2025-06-09,debit_card,paid,28461.75
449,449,2025-12-26,debit_card,paid,45698.64
450,450,2025-06-18,bank_transfer,paid,21562.98
451,451,2025-09-05,debit_card,paid,33666.0
452,452,2024-03-24,cash_on_delivery,paid,54591.87
453,453,2026-04-09,debit_card,paid,6444.93
454,454,2025-03-13,debit_card,paid,1585.02
455,455,2024-05-31,debit_card,refunded,31774.08
456,456,2026-03-03,debit_card,refunded,31191.85
457,457,2025-12-16,credit_card,paid,9070.58
458,458,2024-02-21,paypal,paid,17056.72
459,459,2024-07-07,debit_card,paid,14708.9
460,460,2024-01-16,credit_card,failed,7842.74
461,461,2024-09-20,paypal,paid,27667.21
462,462,2024-04-07,credit_card,paid,46150.4
463,463,2025-11-22,paypal,pending,65898.65
464,464,2025-05-23,credit_card,refunded,14194.52
465,465,2026-08-12,credit_card,paid,7674.01
466,466,2025-12-30,cash_on_delivery,refunded,36039.08
467,467,2025-08-18,bank_transfer,paid,60668.36
468,468,2025-05-11,debit_card,paid,2216.98
469,469,2024-02-23,debit_card,paid,5033.95
470,470,2024-03-09,cash_on_delivery,refunded,42098.4
471,471,2025-08-23,credit_card,paid,92884.29
472,472,2024-01-05,debit_card,paid,4033.54
473,473,2024-02-11,paypal,paid,1108.49
474,474,2024-08-01,credit_card,paid,10755.32
475,475,2026-05-11,debit_card,paid,8232.79
476,476,2025-03-22,debit_card,paid,39774.1
477,477,2025-11-22,credit_card,paid,9937.28
478,478,2025-02-04,credit_card,paid,30585.36
479,479,2024-06-17,credit_card,paid,34920.53
480,480,2024-12-27,debit_card,paid,18999.96
481,481,2024-03-30,credit_card,paid,30254.52
482,482,2026-01-20,credit_card,paid,73186.66
483,483,2024-06-27,debit_card,refunded,58460.75
484,484,2025-01-01,paypal,paid,6866.16
485,485,2026-08-12,cash_on_delivery,paid,24485.42
486,486,2025-07-30,debit_card,paid,7824.02
487,487,2025-03-22,credit_card,paid,52580.43
488,488,2025-06-12,credit_card,paid,44590.75
489,489,2026-02-02,debit_card,paid,74621.8
490,490,2024-09-04,paypal,paid,22144.18
491,491,2025-09-11,debit_card,paid,16756.53
492,492,2026-04-30,credit_card,paid,34811.21
493,493,2025-07-11,credit_card,paid,19438.9
494,494,2025-03-10,credit_card,failed,13523.15
495,495,2024-05-21,cash_on_delivery,paid,39111.24
496,496,2024-08-29,paypal,paid,4427.79
497,497,2026-07-10,cash_on_delivery,failed,25446.13
498,498,2025-06-11,bank_transfer,paid,40137.55
499,499,2024-10-20,debit_card,paid,1227.84
500,500,2025-02-11,paypal,paid,17850.49
