review_id,user_id,product_id,rating,review_title,review_date
1,17,24,4,Worth buying,2024-06-27
2,44,6,4,Works well,2024-03-30
3,39,36,4,Worth buying,2024-06-02
4,88,2,4,Worth buying,2025-08-13
5,77,12,4,Decent product,2025-03-13
6,11,10,5,Decent product,2024-03-11
7,84,39,4,Worth buying,2024-02-01
8,81,20,4,Excellent quality,2024-08-17
9,99,1,5,Works well,2026-07-10
10,6,24,4,Excellent quality,2025-08-13
11,76,26,4,Worth buying,2026-03-23
12,99,10,4,Worth buying,2024-06-20
13,99,4,5,Works well,2026-04-07
14,34,34,4,Good value,2025-06-22
15,59,6,5,Worth buying,2025-12-05
16,25,16,3,Good value,2026-05-29
17,48,50,4,Excellent quality,2026-07-23
18,45,8,4,Excellent quality,2026-04-09
19,5,7,4,Decent product,2025-10-23
20,21,18,4,Worth buying,2024-02-17
21,51,42,4,Good value,2024-11-08
22,43,10,4,Worth buying,2025-08-19
23,17,30,4,Good value,2026-05-05
24,48,9,2,Works well,2025-09-27
25,28,2,5,Good value,2025-05-15
26,58,1,3,Good value,2024-08-30
27,80,16,4,Excellent quality,2024-10-01
28,35,9,4,Decent product,2024-10-05
29,75,2,3,Excellent quality,2026-02-03
30,29,4,5,Worth buying,2024-03-31
31,99,4,5,Works well,2024-08-31
32,87,33,5,Excellent quality,2025-10-28
33,81,2,3,Decent product,2024-08-17
34,14,27,3,Decent product,2025-08-01
35,17,9,4,Excellent quality,2026-05-25
36,29,13,2,Good value,2024-08-29
37,67,14,3,Works well,2024-05-16
38,88,12,5,Good value,2026-04-04
39,94,1,4,Decent product,2025-12-19
40,32,5,4,Worth buying,2025-08-03
41,59,4,4,Decent product,2024-05-16
42,93,27,4,Worth buying,2024-11-25
43,46,49,5,Excellent quality,2024-05-31
44,8,19,4,Excellent quality,2026-01-22
45,28,11,4,Worth buying,2024-05-01
46,5,15,5,Works well,2024-08-27
47,87,2,5,Works well,2025-10-28
48,40,28,4,Good value,2025-12-17
49,100,14,4,Decent product,2025-08-04
50,81,19,3,Good value,2024-08-17
51,62,13,4,Good value,2024-05-23
52,44,2,5,Excellent quality,2025-10-30
53,41,4,5,Good value,2026-07-15
54,86,1,5,Excellent quality,2024-04-25
55,35,20,4,Works well,2025-03-22
56,68,2,4,Decent product,2025-08-11
57,91,13,4,Works well,2025-09-08
58,52,15,4,Good value,2024-07-16
59,39,26,5,Excellent quality,2024-06-02
60,14,28,4,Worth buying,2025-08-01
61,2,28,3,Good value,2025-05-01
62,25,7,4,Works well,2025-05-06
63,14,2,4,Good value,2024-05-22
64,46,26,4,Excellent quality,2024-10-29
65,23,27,3,Decent product,2025-12-04
66,28,14,3,Good value,2024-09-23
67,5,20,4,Works well,2025-01-01
68,11,10,3,Works well,2024-01-08
69,32,23,4,Works well,2025-08-03
70,11,12,3,Works well,2024-01-08
71,80,10,5,Decent product,2025-11-07
72,100,28,3,Works well,2024-08-31
73,88,1,5,Excellent quality,2026-01-24
74,24,26,4,Decent product,2024-01-15
75,23,8,4,Good value,2025-03-06
76,96,24,5,Excellent quality,2024-06-12
77,28,17,5,Works well,2026-08-12
78,88,11,3,Decent product,2026-02-11
79,28,45,4,Decent product,2025-10-07
80,44,31,5,Worth buying,2026-02-22
81,2,15,4,Excellent quality,2026-08-16
82,10,5,4,Decent product,2025-12-26
83,40,13,4,Decent product,2024-02-18
84,61,8,4,Decent product,2024-04-22
85,74,8,3,Worth buying,2026-03-09
86,93,7,5,Works well,2025-11-22
87,87,8,3,Excellent quality,2026-08-18
88,39,14,4,Excellent quality,2025-08-21
89,100,11,4,Good value,2026-06-21
90,61,9,4,Worth buying,2025-05-17
91,32,6,4,Excellent quality,2026-02-02
92,29,26,5,Good value,2025-06-10
93,64,14,5,Excellent quality,2026-03-15
94,17,27,4,Worth buying,2026-07-13
95,17,48,5,Excellent quality,2026-07-13
96,2,29,4,Good value,2025-02-24
97,50,5,4,Decent product,2025-08-18
98,62,47,3,Decent product,2024-05-07
99,88,26,5,Decent product,2024-02-20
100,45,1,5,Works well,2026-04-09
101,39,12,3,Works well,2024-06-02
102,68,16,4,Excellent quality,2026-07-13
103,40,10,3,Good value,2025-05-06
104,31,24,4,Decent product,2024-06-01
105,93,34,5,Good value,2024-11-25
106,99,34,4,Works well,2024-08-29
107,31,35,3,Excellent quality,2024-08-01
108,99,50,4,Excellent quality,2025-07-18
109,56,19,2,Excellent quality,2026-03-06
110,81,26,5,Decent product,2024-08-17
111,88,1,5,Worth buying,2024-05-04
112,42,1,5,Works well,2024-07-21
113,87,5,5,Decent product,2026-03-22
114,73,5,4,Works well,2026-06-19
115,46,1,4,Works well,2025-09-09
116,100,6,4,Good value,2025-08-04
117,87,23,5,Worth buying,2026-07-24
118,58,11,3,Good value,2024-08-30
119,87,15,3,Good value,2026-08-18
120,48,12,4,Excellent quality,2024-03-05
121,80,1,4,Works well,2025-11-07
122,76,20,3,Worth buying,2026-03-23
123,29,1,5,Good value,2025-06-10
124,3,28,5,Works well,2025-12-09
125,90,10,4,Good value,2024-10-20
126,15,3,4,Good value,2025-03-24
127,30,34,4,Works well,2024-06-15
128,10,6,5,Decent product,2026-06-14
129,90,9,4,Decent product,2025-10-13
130,28,13,4,Good value,2026-01-26
131,27,13,3,Decent product,2026-02-01
132,60,31,4,Decent product,2025-03-26
133,64,2,5,Excellent quality,2026-03-15
134,82,11,5,Good value,2026-07-30
135,40,19,4,Worth buying,2025-08-04
136,8,42,4,Works well,2025-06-09
137,40,3,4,Decent product,2024-07-12
138,99,20,3,Worth buying,2026-05-02
139,25,17,5,Works well,2025-05-06
140,40,24,4,Good value,2025-12-17
141,19,5,5,Good value,2025-12-10
142,68,22,4,Good value,2025-12-30
143,29,18,3,Decent product,2025-04-10
144,5,9,4,Works well,2026-01-15
145,99,1,3,Excellent quality,2024-08-31
146,22,5,4,Decent product,2025-01-31
147,87,5,4,Worth buying,2024-02-09
148,88,2,5,Worth buying,2026-07-27
149,88,8,3,Decent product,2025-08-13
150,50,22,4,Decent product,2025-08-18
151,62,12,4,Worth buying,2025-11-10
152,69,11,5,Worth buying,2026-02-19
153,5,6,5,Good value,2026-01-15
154,14,5,5,Decent product,2024-05-22
155,100,3,4,Good value,2025-02-24
156,2,25,5,Works well,2026-08-12
157,30,16,4,Good value,2026-06-18
158,5,16,4,Worth buying,2024-06-17
159,23,6,4,Good value,2025-03-22
160,97,6,3,Works well,2024-11-15
161,24,3,3,Decent product,2026-04-01
162,66,19,3,Decent product,2024-11-10
163,2,8,4,Works well,2026-08-12
164,23,7,4,Excellent quality,2025-12-04
165,28,10,4,Works well,2024-05-01
166,47,16,4,Decent product,2024-02-29
167,1,1,4,Excellent quality,2024-05-31
168,14,11,4,Works well,2024-05-22
169,77,26,3,Works well,2025-02-16
170,31,17,4,Works well,2026-06-11
171,6,5,4,Excellent quality,2025-02-12
172,51,3,4,Decent product,2024-08-17
173,48,14,5,Worth buying,2024-03-05
174,51,5,4,Excellent quality,2025-08-23
175,49,4,5,Decent product,2026-06-05
176,77,4,4,Worth buying,2024-02-12
177,53,5,4,Excellent quality,2025-06-02
178,17,2,5,Works well,2025-05-22
179,8,6,5,Works well,2025-05-10
180,61,12,4,Excellent quality,2025-05-17
181,5,21,4,Good value,2026-01-15
182,17,11,5,Worth buying,2024-01-25
183,29,6,4,Decent product,2024-10-21
184,45,36,4,Excellent quality,2024-01-07
185,86,17,5,Decent product,2025-08-23
186,23,2,3,Decent product,2024-06-13
187,28,20,4,Worth buying,2025-05-25
188,11,6,5,Works well,2024-09-20
189,45,3,3,Good value,2025-12-20
190,28,21,4,Worth buying,2025-01-28
191,87,13,4,Good value,2025-06-02
192,76,16,4,Decent product,2026-08-12
193,17,27,3,Worth buying,2026-05-25
194,97,7,4,Good value,2024-12-17
195,29,3,4,Works well,2025-04-10
196,54,27,4,Good value,2025-01-18
197,29,20,4,Good value,2024-03-31
198,100,48,5,Decent product,2025-08-04
199,83,3,5,Works well,2024-09-04
200,92,13,4,Excellent quality,2026-05-20
