user_id,first_name,last_name,email,city,country,registration_date
1,Danielle,Johnson,danielle.johnson.1@example.com,Johnberg,Pakistan,2024-02-12
2,Jill,Rhodes,jill.rhodes.2@example.com,New Roberttown,Pakistan,2024-03-03
3,Clayton,Hall,clayton.hall.3@example.com,New Jamesside,Pakistan,2024-03-07
4,Robert,Cole,robert.cole.4@example.com,Lisatown,Pakistan,2024-03-15
5,Katherine,Moore,katherine.moore.5@example.com,Petersonberg,Pakistan,2024-03-24
6,Jason,Gallagher,jason.gallagher.6@example.com,North Noahstad,Pakistan,2024-03-27
7,Melanie,Munoz,melanie.munoz.7@example.com,Lake Stephenville,Pakistan,2024-03-30
8,Teresa,Gray,teresa.gray.8@example.com,Mariastad,Pakistan,2024-04-01
9,Barbara,Bush,barbara.bush.9@example.com,Lake Jeremyport,Pakistan,2024-04-04
10,Tracie,Wyatt,tracie.wyatt.10@example.com,South Joshuastad,Pakistan,2024-05-04
11,Francisco,Kelly,francisco.kelly.11@example.com,Jacquelineland,Pakistan,2024-05-06
12,Chelsea,Jackson,chelsea.jackson.12@example.com,East Steven,Pakistan,2024-05-16
13,Joseph,Schaefer,joseph.schaefer.13@example.com,Lake Mark,Pakistan,2024-05-30
14,Kayla,Brown,kayla.brown.14@example.com,Port Leslieview,Pakistan,2024-06-05
15,Carl,Gentry,carl.gentry.15@example.com,Jasonfort,Pakistan,2024-06-09
16,Randall,Rocha,randall.rocha.16@example.com,Thomasberg,Pakistan,2024-06-26
17,John,Hoffman,john.hoffman.17@example.com,Juliechester,Pakistan,2024-07-03
18,Rachael,Ross,rachael.ross.18@example.com,East William,Pakistan,2024-07-08
19,Christopher,Williams,christopher.williams.19@example.com,East Courtneychester,Pakistan,2024-07-15
20,Candace,Cruz,candace.cruz.20@example.com,Riceside,Pakistan,2024-08-09
21,Michelle,Smith,michelle.smith.21@example.com,Lake Nicoleview,Pakistan,2024-08-09
22,Kayla,Peterson,kayla.peterson.22@example.com,Ryanmouth,Pakistan,2024-08-21
23,Aaron,Bowen,aaron.bowen.23@example.com,Teresaburgh,Pakistan,2024-09-26
24,William,Rodriguez,william.rodriguez.24@example.com,Meaganhaven,Pakistan,2024-10-07
25,Chelsea,Hernandez,chelsea.hernandez.25@example.com,New Stephanie,Pakistan,2024-10-31
26,Sandra,Sellers,sandra.sellers.26@example.com,Tracyville,Pakistan,2024-11-13
27,Sarah,Koch,sarah.koch.27@example.com,Johnbury,Pakistan,2024-11-17
28,Natalie,Arroyo,natalie.arroyo.28@example.com,Lake Toddland,Pakistan,2024-12-11
29,Tiffany,Patel,tiffany.patel.29@example.com,East Donna,Pakistan,2024-12-20
30,Stacey,Martin,stacey.martin.30@example.com,Brandtside,Pakistan,2024-12-23
31,Karina,Vaughn,karina.vaughn.31@example.com,Raymondstad,Pakistan,2024-12-26
32,Samuel,Holmes,samuel.holmes.32@example.com,East Jeffreymouth,Pakistan,2024-12-27
33,Andrew,Spencer,andrew.spencer.33@example.com,North Chad,Pakistan,2025-01-12
34,Crystal,Perez,crystal.perez.34@example.com,Port Markhaven,Pakistan,2025-01-26
35,John,Caldwell,john.caldwell.35@example.com,New David,Pakistan,2025-02-04
36,Selena,Duncan,selena.duncan.36@example.com,Sanchezfort,Pakistan,2025-02-25
37,Lindsey,Lee,lindsey.lee.37@example.com,Lake Ryanchester,Pakistan,2025-02-27
38,Robert,Shields,robert.shields.38@example.com,Lake Deniseville,Pakistan,2025-03-01
39,Bruce,Chandler,bruce.chandler.39@example.com,East Jamesside,Pakistan,2025-03-03
40,Shane,Henderson,shane.henderson.40@example.com,Stevenland,Pakistan,2025-03-07
41,Scott,Callahan,scott.callahan.41@example.com,North Deniseside,Pakistan,2025-03-10
42,Mary,Novak,mary.novak.42@example.com,East Richard,Pakistan,2025-03-14
43,Timothy,Hancock,timothy.hancock.43@example.com,East Nicholasfurt,Pakistan,2025-03-14
44,Joseph,Bowers,joseph.bowers.44@example.com,Mitchellside,Pakistan,2025-03-26
45,Dorothy,Tucker,dorothy.tucker.45@example.com,West Jeff,Pakistan,2025-03-30
46,Brian,Fitzgerald,brian.fitzgerald.46@example.com,Lake Leeton,Pakistan,2025-04-02
47,Breanna,Shaw,breanna.shaw.47@example.com,North Susan,Pakistan,2025-04-08
48,Christopher,Lopez,christopher.lopez.48@example.com,Lake Michellefurt,Pakistan,2025-04-29
49,David,Zamora,david.zamora.49@example.com,New Brooke,Pakistan,2025-05-02
50,Christine,Barnes,christine.barnes.50@example.com,Sarahborough,Pakistan,2025-05-14
51,Elizabeth,Edwards,elizabeth.edwards.51@example.com,Randyport,Pakistan,2025-05-27
52,Stephen,Hickman,stephen.hickman.52@example.com,North Stephenshire,Pakistan,2025-06-15
53,Wendy,Jones,wendy.jones.53@example.com,New Joseph,Pakistan,2025-06-16
54,Sarah,Ibarra,sarah.ibarra.54@example.com,West Justin,Pakistan,2025-06-24
55,Samuel,Daniels,samuel.daniels.55@example.com,Cherylhaven,Pakistan,2025-07-03
56,Alan,Montoya,alan.montoya.56@example.com,Sarahville,Pakistan,2025-09-05
57,Sheila,Taylor,sheila.taylor.57@example.com,North Juliaberg,Pakistan,2025-09-07
58,Joseph,Jacobs,joseph.jacobs.58@example.com,Jamesview,Pakistan,2025-09-12
59,William,King,william.king.59@example.com,North Cynthiaview,Pakistan,2025-09-19
60,Bradley,Cook,bradley.cook.60@example.com,Lake Tina,Pakistan,2025-09-29
61,Evan,Ramos,evan.ramos.61@example.com,Hoffmanville,Pakistan,2025-10-14
62,Charles,Ware,charles.ware.62@example.com,New Barry,Pakistan,2025-10-22
63,Mike,Tran,mike.tran.63@example.com,Andersonport,Pakistan,2025-10-26
64,Michael,Fitzpatrick,michael.fitzpatrick.64@example.com,West Jasonbury,Pakistan,2025-10-27
65,Elizabeth,Gomez,elizabeth.gomez.65@example.com,Dicksonberg,Pakistan,2025-10-30
66,Sara,Young,sara.young.66@example.com,Port Lisa,Pakistan,2025-11-10
67,Nicole,Johnson,nicole.johnson.67@example.com,Kimberlychester,Pakistan,2025-11-13
68,Leah,Shields,leah.shields.68@example.com,West Erik,Pakistan,2025-11-13
69,Jacqueline,Reyes,jacqueline.reyes.69@example.com,Port Thomasborough,Pakistan,2025-11-29
70,Lisa,Stevens,lisa.stevens.70@example.com,Loribury,Pakistan,2025-12-17
71,Jeffrey,Keller,jeffrey.keller.71@example.com,Murphyland,Pakistan,2025-12-25
72,Tammy,Ramirez,tammy.ramirez.72@example.com,Frazierside,Pakistan,2025-12-26
73,Mark,Johnson,mark.johnson.73@example.com,Gregoryview,Pakistan,2026-01-08
74,Benjamin,Carlson,benjamin.carlson.74@example.com,Jessicamouth,Pakistan,2026-01-10
75,Samuel,Joyce,samuel.joyce.75@example.com,South Rachelborough,Pakistan,2026-01-11
76,Jonathan,Fletcher,jonathan.fletcher.76@example.com,New Saraside,Pakistan,2026-01-17
77,Gloria,Bentley,gloria.bentley.77@example.com,West Ryan,Pakistan,2026-01-23
78,Stacy,Mccall,stacy.mccall.78@example.com,Elizabethville,Pakistan,2026-01-28
79,Jennifer,Evans,jennifer.evans.79@example.com,Elizabethmouth,Pakistan,2026-01-31
80,Richard,Phillips,richard.phillips.80@example.com,East Robert,Pakistan,2026-02-04
81,Shelby,Byrd,shelby.byrd.81@example.com,New Ashley,Pakistan,2026-02-13
82,Richard,Bass,richard.bass.82@example.com,Justinchester,Pakistan,2026-02-22
83,Kristi,Lawson,kristi.lawson.83@example.com,Stevenmouth,Pakistan,2026-03-12
84,Emma,Dixon,emma.dixon.84@example.com,Lake Christopher,Pakistan,2026-03-17
85,Zachary,Schultz,zachary.schultz.85@example.com,Clarencebury,Pakistan,2026-03-21
86,Emily,Walker,emily.walker.86@example.com,East Andrew,Pakistan,2026-03-22
87,John,Alvarez,john.alvarez.87@example.com,South Robertshire,Pakistan,2026-03-28
88,James,Horton,james.horton.88@example.com,Rossberg,Pakistan,2026-03-30
89,Diana,Smith,diana.smith.89@example.com,Port Ronaldburgh,Pakistan,2026-04-15
90,Linda,Dominguez,linda.dominguez.90@example.com,Williamsbury,Pakistan,2026-04-16
91,Samantha,Martinez,samantha.martinez.91@example.com,Port Steven,Pakistan,2026-05-14
92,Amanda,Hansen,amanda.hansen.92@example.com,Stephaniemouth,Pakistan,2026-05-19
93,Cheyenne,Ball,cheyenne.ball.93@example.com,Rivasside,Pakistan,2026-05-24
94,Sean,Moore,sean.moore.94@example.com,Colebury,Pakistan,2026-05-31
95,Mary,Ramirez,mary.ramirez.95@example.com,Simsview,Pakistan,2026-06-17
96,Scott,Reeves,scott.reeves.96@example.com,West Matthew,Pakistan,2026-06-21
97,Patricia,Miller,patricia.miller.97@example.com,East Patrick,Pakistan,2026-07-04
98,Eric,Lewis,eric.lewis.98@example.com,Russellside,Pakistan,2026-07-31
99,Steven,Brown,steven.brown.99@example.com,Priceshire,Pakistan,2026-08-03
100,Sophia,Smith,sophia.smith.100@example.com,Woodsstad,Pakistan,2026-08-08
